MRS,SRS,TST,TRA,TRB,ARC,SWD,SC,CC,ACC,AFML,ACOM,CREQ,DREQ,EREQ,CCC,FML,COM,REQ
MRS-001,,,,,ARC003,SWD001,,,,,,,,,,,,
MRS-001,,,,,ARC003,SWD002,,,,,,,,,,,,
MRS-001,,,,,ARC003,SWD003,,,,,,,,,,,,
MRS-001,,,,,ARC003,SWD004,,,,,,,,,,,,
MRS-001,,,,,ARC003,SWD005,,,,,,,,,,,,
MRS-001,,,,,ARC003,SWD006,,,,,,,,,,,,
MRS-001,,,,,ARC003,SWD007,,,,,,,,,,,,
MRS-001,,,,,ARC003,SWD008,,,,,,,,,,,,
MRS-001,,,,,ARC003,SWD009,,,,,,,,,,,,
MRS-001,,,,,ARC003,SWD010,,,,,,,,,,,,
MRS-001,,,,,ARC003,SWD011,,,,,,,,,,,,
MRS-001,,,,,ARC003,SWD012,,,,,,,,,,,,
MRS-001,,,,,ARC003,SWD013,,,,,,,,,,,,
MRS-001,,,,,ARC003,SWD014,,,,,,,,,,,,
MRS-001,,,,,ARC004,SWD001,,,,,,,,,,,,
MRS-001,,,,,ARC004,SWD002,,,,,,,,,,,,
MRS-001,,,,,ARC004,SWD003,,,,,,,,,,,,
MRS-001,,,,,ARC004,SWD004,,,,,,,,,,,,
MRS-001,,,,,ARC004,SWD005,,,,,,,,,,,,
MRS-001,,,,,ARC004,SWD006,,,,,,,,,,,,
MRS-001,,,,,ARC004,SWD007,,,,,,,,,,,,
MRS-001,,,,,ARC004,SWD008,,,,,,,,,,,,
MRS-001,,,,,ARC004,SWD009,,,,,,,,,,,,
MRS-001,,,,,ARC004,SWD010,,,,,,,,,,,,
MRS-001,,,,,ARC004,SWD011,,,,,,,,,,,,
MRS-001,,,,,ARC004,SWD012,,,,,,,,,,,,
MRS-001,,,,,ARC004,SWD013,,,,,,,,,,,,
MRS-001,,,,,ARC004,SWD014,,,,,,,,,,,,
MRS-002,,,,,ARC003,SWD001,,,,,,,,,,,,
MRS-002,,,,,ARC003,SWD002,,,,,,,,,,,,
MRS-002,,,,,ARC003,SWD003,,,,,,,,,,,,
MRS-002,,,,,ARC003,SWD004,,,,,,,,,,,,
MRS-002,,,,,ARC003,SWD005,,,,,,,,,,,,
MRS-002,,,,,ARC003,SWD006,,,,,,,,,,,,
MRS-002,,,,,ARC003,SWD007,,,,,,,,,,,,
MRS-002,,,,,ARC003,SWD008,,,,,,,,,,,,
MRS-002,,,,,ARC003,SWD009,,,,,,,,,,,,
MRS-002,,,,,ARC003,SWD010,,,,,,,,,,,,
MRS-002,,,,,ARC003,SWD011,,,,,,,,,,,,
MRS-002,,,,,ARC003,SWD012,,,,,,,,,,,,
MRS-002,,,,,ARC003,SWD013,,,,,,,,,,,,
MRS-002,,,,,ARC003,SWD014,,,,,,,,,,,,
MRS-002,,,,,ARC004,SWD001,,,,,,,,,,,,
MRS-002,,,,,ARC004,SWD002,,,,,,,,,,,,
MRS-002,,,,,ARC004,SWD003,,,,,,,,,,,,
MRS-002,,,,,ARC004,SWD004,,,,,,,,,,,,
MRS-002,,,,,ARC004,SWD005,,,,,,,,,,,,
MRS-002,,,,,ARC004,SWD006,,,,,,,,,,,,
MRS-002,,,,,ARC004,SWD007,,,,,,,,,,,,
MRS-002,,,,,ARC004,SWD008,,,,,,,,,,,,
MRS-002,,,,,ARC004,SWD009,,,,,,,,,,,,
MRS-002,,,,,ARC004,SWD010,,,,,,,,,,,,
MRS-002,,,,,ARC004,SWD011,,,,,,,,,,,,
MRS-002,,,,,ARC004,SWD012,,,,,,,,,,,,
MRS-002,,,,,ARC004,SWD013,,,,,,,,,,,,
MRS-002,,,,,ARC004,SWD014,,,,,,,,,,,,
MRS-003,,,,,ARC003,SWD001,,,,,,,,,,,,
MRS-003,,,,,ARC003,SWD002,,,,,,,,,,,,
MRS-003,,,,,ARC003,SWD003,,,,,,,,,,,,
MRS-003,,,,,ARC003,SWD004,,,,,,,,,,,,
MRS-003,,,,,ARC003,SWD005,,,,,,,,,,,,
MRS-003,,,,,ARC003,SWD006,,,,,,,,,,,,
MRS-003,,,,,ARC003,SWD007,,,,,,,,,,,,
MRS-003,,,,,ARC003,SWD008,,,,,,,,,,,,
MRS-003,,,,,ARC003,SWD009,,,,,,,,,,,,
MRS-003,,,,,ARC003,SWD010,,,,,,,,,,,,
MRS-003,,,,,ARC003,SWD011,,,,,,,,,,,,
MRS-003,,,,,ARC003,SWD012,,,,,,,,,,,,
MRS-003,,,,,ARC003,SWD013,,,,,,,,,,,,
MRS-003,,,,,ARC003,SWD014,,,,,,,,,,,,
MRS-003,,,,,ARC004,SWD001,,,,,,,,,,,,
MRS-003,,,,,ARC004,SWD002,,,,,,,,,,,,
MRS-003,,,,,ARC004,SWD003,,,,,,,,,,,,
MRS-003,,,,,ARC004,SWD004,,,,,,,,,,,,
MRS-003,,,,,ARC004,SWD005,,,,,,,,,,,,
MRS-003,,,,,ARC004,SWD006,,,,,,,,,,,,
MRS-003,,,,,ARC004,SWD007,,,,,,,,,,,,
MRS-003,,,,,ARC004,SWD008,,,,,,,,,,,,
MRS-003,,,,,ARC004,SWD009,,,,,,,,,,,,
MRS-003,,,,,ARC004,SWD010,,,,,,,,,,,,
MRS-003,,,,,ARC004,SWD011,,,,,,,,,,,,
MRS-003,,,,,ARC004,SWD012,,,,,,,,,,,,
MRS-003,,,,,ARC004,SWD013,,,,,,,,,,,,
MRS-003,,,,,ARC004,SWD014,,,,,,,,,,,,
MRS-004,,,,,ARC003,SWD001,,,,,,,,,,,,
MRS-004,,,,,ARC003,SWD002,,,,,,,,,,,,
MRS-004,,,,,ARC003,SWD003,,,,,,,,,,,,
MRS-004,,,,,ARC003,SWD004,,,,,,,,,,,,
MRS-004,,,,,ARC003,SWD005,,,,,,,,,,,,
MRS-004,,,,,ARC003,SWD006,,,,,,,,,,,,
MRS-004,,,,,ARC003,SWD007,,,,,,,,,,,,
MRS-004,,,,,ARC003,SWD008,,,,,,,,,,,,
MRS-004,,,,,ARC003,SWD009,,,,,,,,,,,,
MRS-004,,,,,ARC003,SWD010,,,,,,,,,,,,
MRS-004,,,,,ARC003,SWD011,,,,,,,,,,,,
MRS-004,,,,,ARC003,SWD012,,,,,,,,,,,,
MRS-004,,,,,ARC003,SWD013,,,,,,,,,,,,
MRS-004,,,,,ARC003,SWD014,,,,,,,,,,,,
MRS-005,,,,,ARC003,SWD001,,,,,,,,,,,,
MRS-005,,,,,ARC003,SWD002,,,,,,,,,,,,
MRS-005,,,,,ARC003,SWD003,,,,,,,,,,,,
MRS-005,,,,,ARC003,SWD004,,,,,,,,,,,,
MRS-005,,,,,ARC003,SWD005,,,,,,,,,,,,
MRS-005,,,,,ARC003,SWD006,,,,,,,,,,,,
MRS-005,,,,,ARC003,SWD007,,,,,,,,,,,,
MRS-005,,,,,ARC003,SWD008,,,,,,,,,,,,
MRS-005,,,,,ARC003,SWD009,,,,,,,,,,,,
MRS-005,,,,,ARC003,SWD010,,,,,,,,,,,,
MRS-005,,,,,ARC003,SWD011,,,,,,,,,,,,
MRS-005,,,,,ARC003,SWD012,,,,,,,,,,,,
MRS-005,,,,,ARC003,SWD013,,,,,,,,,,,,
MRS-005,,,,,ARC003,SWD014,,,,,,,,,,,,
MRS-005,,,,,ARC004,SWD001,,,,,,,,,,,,
MRS-005,,,,,ARC004,SWD002,,,,,,,,,,,,
MRS-005,,,,,ARC004,SWD003,,,,,,,,,,,,
MRS-005,,,,,ARC004,SWD004,,,,,,,,,,,,
MRS-005,,,,,ARC004,SWD005,,,,,,,,,,,,
MRS-005,,,,,ARC004,SWD006,,,,,,,,,,,,
MRS-005,,,,,ARC004,SWD007,,,,,,,,,,,,
MRS-005,,,,,ARC004,SWD008,,,,,,,,,,,,
MRS-005,,,,,ARC004,SWD009,,,,,,,,,,,,
MRS-005,,,,,ARC004,SWD010,,,,,,,,,,,,
MRS-005,,,,,ARC004,SWD011,,,,,,,,,,,,
MRS-005,,,,,ARC004,SWD012,,,,,,,,,,,,
MRS-005,,,,,ARC004,SWD013,,,,,,,,,,,,
MRS-005,,,,,ARC004,SWD014,,,,,,,,,,,,
MRS-006,,,,,ARC003,SWD001,,,,,,,,,,,,
MRS-006,,,,,ARC003,SWD002,,,,,,,,,,,,
MRS-006,,,,,ARC003,SWD003,,,,,,,,,,,,
MRS-006,,,,,ARC003,SWD004,,,,,,,,,,,,
MRS-006,,,,,ARC003,SWD005,,,,,,,,,,,,
MRS-006,,,,,ARC003,SWD006,,,,,,,,,,,,
MRS-006,,,,,ARC003,SWD007,,,,,,,,,,,,
MRS-006,,,,,ARC003,SWD008,,,,,,,,,,,,
MRS-006,,,,,ARC003,SWD009,,,,,,,,,,,,
MRS-006,,,,,ARC003,SWD010,,,,,,,,,,,,
MRS-006,,,,,ARC003,SWD011,,,,,,,,,,,,
MRS-006,,,,,ARC003,SWD012,,,,,,,,,,,,
MRS-006,,,,,ARC003,SWD013,,,,,,,,,,,,
MRS-006,,,,,ARC003,SWD014,,,,,,,,,,,,
MRS-007,,,,,ARC004,SWD001,,,,,,,,,,,,
MRS-007,,,,,ARC004,SWD002,,,,,,,,,,,,
MRS-007,,,,,ARC004,SWD003,,,,,,,,,,,,
MRS-007,,,,,ARC004,SWD004,,,,,,,,,,,,
MRS-007,,,,,ARC004,SWD005,,,,,,,,,,,,
MRS-007,,,,,ARC004,SWD006,,,,,,,,,,,,
MRS-007,,,,,ARC004,SWD007,,,,,,,,,,,,
MRS-007,,,,,ARC004,SWD008,,,,,,,,,,,,
MRS-007,,,,,ARC004,SWD009,,,,,,,,,,,,
MRS-007,,,,,ARC004,SWD010,,,,,,,,,,,,
MRS-007,,,,,ARC004,SWD011,,,,,,,,,,,,
MRS-007,,,,,ARC004,SWD012,,,,,,,,,,,,
MRS-007,,,,,ARC004,SWD013,,,,,,,,,,,,
MRS-007,,,,,ARC004,SWD014,,,,,,,,,,,,
MRS-008,,,,,ARC004,SWD001,,,,,,,,,,,,
MRS-008,,,,,ARC004,SWD002,,,,,,,,,,,,
MRS-008,,,,,ARC004,SWD003,,,,,,,,,,,,
MRS-008,,,,,ARC004,SWD004,,,,,,,,,,,,
MRS-008,,,,,ARC004,SWD005,,,,,,,,,,,,
MRS-008,,,,,ARC004,SWD006,,,,,,,,,,,,
MRS-008,,,,,ARC004,SWD007,,,,,,,,,,,,
MRS-008,,,,,ARC004,SWD008,,,,,,,,,,,,
MRS-008,,,,,ARC004,SWD009,,,,,,,,,,,,
MRS-008,,,,,ARC004,SWD010,,,,,,,,,,,,
MRS-008,,,,,ARC004,SWD011,,,,,,,,,,,,
MRS-008,,,,,ARC004,SWD012,,,,,,,,,,,,
MRS-008,,,,,ARC004,SWD013,,,,,,,,,,,,
MRS-008,,,,,ARC004,SWD014,,,,,,,,,,,,
MRS-009,,,,,ARC003,SWD001,,,,,,,,,,,,
MRS-009,,,,,ARC003,SWD002,,,,,,,,,,,,
MRS-009,,,,,ARC003,SWD003,,,,,,,,,,,,
MRS-009,,,,,ARC003,SWD004,,,,,,,,,,,,
MRS-009,,,,,ARC003,SWD005,,,,,,,,,,,,
MRS-009,,,,,ARC003,SWD006,,,,,,,,,,,,
MRS-009,,,,,ARC003,SWD007,,,,,,,,,,,,
MRS-009,,,,,ARC003,SWD008,,,,,,,,,,,,
MRS-009,,,,,ARC003,SWD009,,,,,,,,,,,,
MRS-009,,,,,ARC003,SWD010,,,,,,,,,,,,
MRS-009,,,,,ARC003,SWD011,,,,,,,,,,,,
MRS-009,,,,,ARC003,SWD012,,,,,,,,,,,,
MRS-009,,,,,ARC003,SWD013,,,,,,,,,,,,
MRS-009,,,,,ARC003,SWD014,,,,,,,,,,,,
MRS-010,,,,,ARC003,SWD001,,,,,,,,,,,,
MRS-010,,,,,ARC003,SWD002,,,,,,,,,,,,
MRS-010,,,,,ARC003,SWD003,,,,,,,,,,,,
MRS-010,,,,,ARC003,SWD004,,,,,,,,,,,,
MRS-010,,,,,ARC003,SWD005,,,,,,,,,,,,
MRS-010,,,,,ARC003,SWD006,,,,,,,,,,,,
MRS-010,,,,,ARC003,SWD007,,,,,,,,,,,,
MRS-010,,,,,ARC003,SWD008,,,,,,,,,,,,
MRS-010,,,,,ARC003,SWD009,,,,,,,,,,,,
MRS-010,,,,,ARC003,SWD010,,,,,,,,,,,,
MRS-010,,,,,ARC003,SWD011,,,,,,,,,,,,
MRS-010,,,,,ARC003,SWD012,,,,,,,,,,,,
MRS-010,,,,,ARC003,SWD013,,,,,,,,,,,,
MRS-010,,,,,ARC003,SWD014,,,,,,,,,,,,
MRS-011,,,,,ARC003,SWD001,,,,,,,,,,,,
MRS-011,,,,,ARC003,SWD002,,,,,,,,,,,,
MRS-011,,,,,ARC003,SWD003,,,,,,,,,,,,
MRS-011,,,,,ARC003,SWD004,,,,,,,,,,,,
MRS-011,,,,,ARC003,SWD005,,,,,,,,,,,,
MRS-011,,,,,ARC003,SWD006,,,,,,,,,,,,
MRS-011,,,,,ARC003,SWD007,,,,,,,,,,,,
MRS-011,,,,,ARC003,SWD008,,,,,,,,,,,,
MRS-011,,,,,ARC003,SWD009,,,,,,,,,,,,
MRS-011,,,,,ARC003,SWD010,,,,,,,,,,,,
MRS-011,,,,,ARC003,SWD011,,,,,,,,,,,,
MRS-011,,,,,ARC003,SWD012,,,,,,,,,,,,
MRS-011,,,,,ARC003,SWD013,,,,,,,,,,,,
MRS-011,,,,,ARC003,SWD014,,,,,,,,,,,,
MRS-011,,,,,ARC004,SWD001,,,,,,,,,,,,
MRS-011,,,,,ARC004,SWD002,,,,,,,,,,,,
MRS-011,,,,,ARC004,SWD003,,,,,,,,,,,,
MRS-011,,,,,ARC004,SWD004,,,,,,,,,,,,
MRS-011,,,,,ARC004,SWD005,,,,,,,,,,,,
MRS-011,,,,,ARC004,SWD006,,,,,,,,,,,,
MRS-011,,,,,ARC004,SWD007,,,,,,,,,,,,
MRS-011,,,,,ARC004,SWD008,,,,,,,,,,,,
MRS-011,,,,,ARC004,SWD009,,,,,,,,,,,,
MRS-011,,,,,ARC004,SWD010,,,,,,,,,,,,
MRS-011,,,,,ARC004,SWD011,,,,,,,,,,,,
MRS-011,,,,,ARC004,SWD012,,,,,,,,,,,,
MRS-011,,,,,ARC004,SWD013,,,,,,,,,,,,
MRS-011,,,,,ARC004,SWD014,,,,,,,,,,,,
MRS-012,,,,,ARC002,,,,,,,,,,,,,
MRS-013,,,,,ARC004,SWD001,,,,,,,,,,,,
MRS-013,,,,,ARC004,SWD002,,,,,,,,,,,,
MRS-013,,,,,ARC004,SWD003,,,,,,,,,,,,
MRS-013,,,,,ARC004,SWD004,,,,,,,,,,,,
MRS-013,,,,,ARC004,SWD005,,,,,,,,,,,,
MRS-013,,,,,ARC004,SWD006,,,,,,,,,,,,
MRS-013,,,,,ARC004,SWD007,,,,,,,,,,,,
MRS-013,,,,,ARC004,SWD008,,,,,,,,,,,,
MRS-013,,,,,ARC004,SWD009,,,,,,,,,,,,
MRS-013,,,,,ARC004,SWD010,,,,,,,,,,,,
MRS-013,,,,,ARC004,SWD011,,,,,,,,,,,,
MRS-013,,,,,ARC004,SWD012,,,,,,,,,,,,
MRS-013,,,,,ARC004,SWD013,,,,,,,,,,,,
MRS-013,,,,,ARC004,SWD014,,,,,,,,,,,,
MRS-014,,,,,ARC002,,,,,,,,,,,,,
MRS-015,,,,,ARC002,,,,,,,,,,,,,
MRS-016,,,,,ARC002,,,,,,,,,,,,,
MRS-017,,,,,ARC003,SWD001,,,,,,,,,,,,
MRS-017,,,,,ARC003,SWD002,,,,,,,,,,,,
MRS-017,,,,,ARC003,SWD003,,,,,,,,,,,,
MRS-017,,,,,ARC003,SWD004,,,,,,,,,,,,
MRS-017,,,,,ARC003,SWD005,,,,,,,,,,,,
MRS-017,,,,,ARC003,SWD006,,,,,,,,,,,,
MRS-017,,,,,ARC003,SWD007,,,,,,,,,,,,
MRS-017,,,,,ARC003,SWD008,,,,,,,,,,,,
MRS-017,,,,,ARC003,SWD009,,,,,,,,,,,,
MRS-017,,,,,ARC003,SWD010,,,,,,,,,,,,
MRS-017,,,,,ARC003,SWD011,,,,,,,,,,,,
MRS-017,,,,,ARC003,SWD012,,,,,,,,,,,,
MRS-017,,,,,ARC003,SWD013,,,,,,,,,,,,
MRS-017,,,,,ARC003,SWD014,,,,,,,,,,,,
MRS-018,,,,,ARC004,SWD001,,,,,,,,,,,,
MRS-018,,,,,ARC004,SWD002,,,,,,,,,,,,
MRS-018,,,,,ARC004,SWD003,,,,,,,,,,,,
MRS-018,,,,,ARC004,SWD004,,,,,,,,,,,,
MRS-018,,,,,ARC004,SWD005,,,,,,,,,,,,
MRS-018,,,,,ARC004,SWD006,,,,,,,,,,,,
MRS-018,,,,,ARC004,SWD007,,,,,,,,,,,,
MRS-018,,,,,ARC004,SWD008,,,,,,,,,,,,
MRS-018,,,,,ARC004,SWD009,,,,,,,,,,,,
MRS-018,,,,,ARC004,SWD010,,,,,,,,,,,,
MRS-018,,,,,ARC004,SWD011,,,,,,,,,,,,
MRS-018,,,,,ARC004,SWD012,,,,,,,,,,,,
MRS-018,,,,,ARC004,SWD013,,,,,,,,,,,,
MRS-018,,,,,ARC004,SWD014,,,,,,,,,,,,
MRS-019,,,,,ARC004,SWD001,,,,,,,,,,,,
MRS-019,,,,,ARC004,SWD002,,,,,,,,,,,,
MRS-019,,,,,ARC004,SWD003,,,,,,,,,,,,
MRS-019,,,,,ARC004,SWD004,,,,,,,,,,,,
MRS-019,,,,,ARC004,SWD005,,,,,,,,,,,,
MRS-019,,,,,ARC004,SWD006,,,,,,,,,,,,
MRS-019,,,,,ARC004,SWD007,,,,,,,,,,,,
MRS-019,,,,,ARC004,SWD008,,,,,,,,,,,,
MRS-019,,,,,ARC004,SWD009,,,,,,,,,,,,
MRS-019,,,,,ARC004,SWD010,,,,,,,,,,,,
MRS-019,,,,,ARC004,SWD011,,,,,,,,,,,,
MRS-019,,,,,ARC004,SWD012,,,,,,,,,,,,
MRS-019,,,,,ARC004,SWD013,,,,,,,,,,,,
MRS-019,,,,,ARC004,SWD014,,,,,,,,,,,,
MRS-020,,,,,ARC004,SWD001,,,,,,,,,,,,
MRS-020,,,,,ARC004,SWD002,,,,,,,,,,,,
MRS-020,,,,,ARC004,SWD003,,,,,,,,,,,,
MRS-020,,,,,ARC004,SWD004,,,,,,,,,,,,
MRS-020,,,,,ARC004,SWD005,,,,,,,,,,,,
MRS-020,,,,,ARC004,SWD006,,,,,,,,,,,,
MRS-020,,,,,ARC004,SWD007,,,,,,,,,,,,
MRS-020,,,,,ARC004,SWD008,,,,,,,,,,,,
MRS-020,,,,,ARC004,SWD009,,,,,,,,,,,,
MRS-020,,,,,ARC004,SWD010,,,,,,,,,,,,
MRS-020,,,,,ARC004,SWD011,,,,,,,,,,,,
MRS-020,,,,,ARC004,SWD012,,,,,,,,,,,,
MRS-020,,,,,ARC004,SWD013,,,,,,,,,,,,
MRS-020,,,,,ARC004,SWD014,,,,,,,,,,,,
MRS-021,,,,,ARC004,SWD001,,,,,,,,,,,,
MRS-021,,,,,ARC004,SWD002,,,,,,,,,,,,
MRS-021,,,,,ARC004,SWD003,,,,,,,,,,,,
MRS-021,,,,,ARC004,SWD004,,,,,,,,,,,,
MRS-021,,,,,ARC004,SWD005,,,,,,,,,,,,
MRS-021,,,,,ARC004,SWD006,,,,,,,,,,,,
MRS-021,,,,,ARC004,SWD007,,,,,,,,,,,,
MRS-021,,,,,ARC004,SWD008,,,,,,,,,,,,
MRS-021,,,,,ARC004,SWD009,,,,,,,,,,,,
MRS-021,,,,,ARC004,SWD010,,,,,,,,,,,,
MRS-021,,,,,ARC004,SWD011,,,,,,,,,,,,
MRS-021,,,,,ARC004,SWD012,,,,,,,,,,,,
MRS-021,,,,,ARC004,SWD013,,,,,,,,,,,,
MRS-021,,,,,ARC004,SWD014,,,,,,,,,,,,
MRS-022,,,,,ARC004,SWD001,,,,,,,,,,,,
MRS-022,,,,,ARC004,SWD002,,,,,,,,,,,,
MRS-022,,,,,ARC004,SWD003,,,,,,,,,,,,
MRS-022,,,,,ARC004,SWD004,,,,,,,,,,,,
MRS-022,,,,,ARC004,SWD005,,,,,,,,,,,,
MRS-022,,,,,ARC004,SWD006,,,,,,,,,,,,
MRS-022,,,,,ARC004,SWD007,,,,,,,,,,,,
MRS-022,,,,,ARC004,SWD008,,,,,,,,,,,,
MRS-022,,,,,ARC004,SWD009,,,,,,,,,,,,
MRS-022,,,,,ARC004,SWD010,,,,,,,,,,,,
MRS-022,,,,,ARC004,SWD011,,,,,,,,,,,,
MRS-022,,,,,ARC004,SWD012,,,,,,,,,,,,
MRS-022,,,,,ARC004,SWD013,,,,,,,,,,,,
MRS-022,,,,,ARC004,SWD014,,,,,,,,,,,,
MRS-023,,,,,ARC004,SWD001,,,,,,,,,,,,
MRS-023,,,,,ARC004,SWD002,,,,,,,,,,,,
MRS-023,,,,,ARC004,SWD003,,,,,,,,,,,,
MRS-023,,,,,ARC004,SWD004,,,,,,,,,,,,
MRS-023,,,,,ARC004,SWD005,,,,,,,,,,,,
MRS-023,,,,,ARC004,SWD006,,,,,,,,,,,,
MRS-023,,,,,ARC004,SWD007,,,,,,,,,,,,
MRS-023,,,,,ARC004,SWD008,,,,,,,,,,,,
MRS-023,,,,,ARC004,SWD009,,,,,,,,,,,,
MRS-023,,,,,ARC004,SWD010,,,,,,,,,,,,
MRS-023,,,,,ARC004,SWD011,,,,,,,,,,,,
MRS-023,,,,,ARC004,SWD012,,,,,,,,,,,,
MRS-023,,,,,ARC004,SWD013,,,,,,,,,,,,
MRS-023,,,,,ARC004,SWD014,,,,,,,,,,,,
MRS-024,,,,,,,,,,,,,,,,,,
MRS-025,,,,,,,,,,,,,,,,,,
MRS-026,,,,,ARC002,,,,,,,,,,,,,
MRS-026,,,,,ARC003,SWD001,,,,,,,,,,,,
MRS-026,,,,,ARC003,SWD002,,,,,,,,,,,,
MRS-026,,,,,ARC003,SWD003,,,,,,,,,,,,
MRS-026,,,,,ARC003,SWD004,,,,,,,,,,,,
MRS-026,,,,,ARC003,SWD005,,,,,,,,,,,,
MRS-026,,,,,ARC003,SWD006,,,,,,,,,,,,
MRS-026,,,,,ARC003,SWD007,,,,,,,,,,,,
MRS-026,,,,,ARC003,SWD008,,,,,,,,,,,,
MRS-026,,,,,ARC003,SWD009,,,,,,,,,,,,
MRS-026,,,,,ARC003,SWD010,,,,,,,,,,,,
MRS-026,,,,,ARC003,SWD011,,,,,,,,,,,,
MRS-026,,,,,ARC003,SWD012,,,,,,,,,,,,
MRS-026,,,,,ARC003,SWD013,,,,,,,,,,,,
MRS-026,,,,,ARC003,SWD014,,,,,,,,,,,,
MRS-026,,,,,ARC004,SWD001,,,,,,,,,,,,
MRS-026,,,,,ARC004,SWD002,,,,,,,,,,,,
MRS-026,,,,,ARC004,SWD003,,,,,,,,,,,,
MRS-026,,,,,ARC004,SWD004,,,,,,,,,,,,
MRS-026,,,,,ARC004,SWD005,,,,,,,,,,,,
MRS-026,,,,,ARC004,SWD006,,,,,,,,,,,,
MRS-026,,,,,ARC004,SWD007,,,,,,,,,,,,
MRS-026,,,,,ARC004,SWD008,,,,,,,,,,,,
MRS-026,,,,,ARC004,SWD009,,,,,,,,,,,,
MRS-026,,,,,ARC004,SWD010,,,,,,,,,,,,
MRS-026,,,,,ARC004,SWD011,,,,,,,,,,,,
MRS-026,,,,,ARC004,SWD012,,,,,,,,,,,,
MRS-026,,,,,ARC004,SWD013,,,,,,,,,,,,
MRS-026,,,,,ARC004,SWD014,,,,,,,,,,,,
MRS-027,,,,,ARC003,SWD001,,,,,,,,,,,,
MRS-027,,,,,ARC003,SWD002,,,,,,,,,,,,
MRS-027,,,,,ARC003,SWD003,,,,,,,,,,,,
MRS-027,,,,,ARC003,SWD004,,,,,,,,,,,,
MRS-027,,,,,ARC003,SWD005,,,,,,,,,,,,
MRS-027,,,,,ARC003,SWD006,,,,,,,,,,,,
MRS-027,,,,,ARC003,SWD007,,,,,,,,,,,,
MRS-027,,,,,ARC003,SWD008,,,,,,,,,,,,
MRS-027,,,,,ARC003,SWD009,,,,,,,,,,,,
MRS-027,,,,,ARC003,SWD010,,,,,,,,,,,,
MRS-027,,,,,ARC003,SWD011,,,,,,,,,,,,
MRS-027,,,,,ARC003,SWD012,,,,,,,,,,,,
MRS-027,,,,,ARC003,SWD013,,,,,,,,,,,,
MRS-027,,,,,ARC003,SWD014,,,,,,,,,,,,
MRS-028,SRS-002,TST-002,TRA-002,,,,,,,,,,,,,,,
MRS-028,,,,,ARC003,SWD001,,,,,,,,,,,,
MRS-028,,,,,ARC003,SWD002,,,,,,,,,,,,
MRS-028,,,,,ARC003,SWD003,,,,,,,,,,,,
MRS-028,,,,,ARC003,SWD004,,,,,,,,,,,,
MRS-028,,,,,ARC003,SWD005,,,,,,,,,,,,
MRS-028,,,,,ARC003,SWD006,,,,,,,,,,,,
MRS-028,,,,,ARC003,SWD007,,,,,,,,,,,,
MRS-028,,,,,ARC003,SWD008,,,,,,,,,,,,
MRS-028,,,,,ARC003,SWD009,,,,,,,,,,,,
MRS-028,,,,,ARC003,SWD010,,,,,,,,,,,,
MRS-028,,,,,ARC003,SWD011,,,,,,,,,,,,
MRS-028,,,,,ARC003,SWD012,,,,,,,,,,,,
MRS-028,,,,,ARC003,SWD013,,,,,,,,,,,,
MRS-028,,,,,ARC003,SWD014,,,,,,,,,,,,
MRS-029,,,,,ARC004,SWD001,,,,,,,,,,,,
MRS-029,,,,,ARC004,SWD002,,,,,,,,,,,,
MRS-029,,,,,ARC004,SWD003,,,,,,,,,,,,
MRS-029,,,,,ARC004,SWD004,,,,,,,,,,,,
MRS-029,,,,,ARC004,SWD005,,,,,,,,,,,,
MRS-029,,,,,ARC004,SWD006,,,,,,,,,,,,
MRS-029,,,,,ARC004,SWD007,,,,,,,,,,,,
MRS-029,,,,,ARC004,SWD008,,,,,,,,,,,,
MRS-029,,,,,ARC004,SWD009,,,,,,,,,,,,
MRS-029,,,,,ARC004,SWD010,,,,,,,,,,,,
MRS-029,,,,,ARC004,SWD011,,,,,,,,,,,,
MRS-029,,,,,ARC004,SWD012,,,,,,,,,,,,
MRS-029,,,,,ARC004,SWD013,,,,,,,,,,,,
MRS-029,,,,,ARC004,SWD014,,,,,,,,,,,,
MRS-030,SRS-001,TST-001,TRA-001,,,,,,,,,,,,,,,
MRS-030,SRS-002,TST-002,TRA-002,,,,,,,,,,,,,,,
MRS-030,SRS-027,TST-016,TRA-016,,,,,,,,,,,,,,,
MRS-031,,,,,ARC003,SWD001,,,,,,,,,,,,
MRS-031,,,,,ARC003,SWD002,,,,,,,,,,,,
MRS-031,,,,,ARC003,SWD003,,,,,,,,,,,,
MRS-031,,,,,ARC003,SWD004,,,,,,,,,,,,
MRS-031,,,,,ARC003,SWD005,,,,,,,,,,,,
MRS-031,,,,,ARC003,SWD006,,,,,,,,,,,,
MRS-031,,,,,ARC003,SWD007,,,,,,,,,,,,
MRS-031,,,,,ARC003,SWD008,,,,,,,,,,,,
MRS-031,,,,,ARC003,SWD009,,,,,,,,,,,,
MRS-031,,,,,ARC003,SWD010,,,,,,,,,,,,
MRS-031,,,,,ARC003,SWD011,,,,,,,,,,,,
MRS-031,,,,,ARC003,SWD012,,,,,,,,,,,,
MRS-031,,,,,ARC003,SWD013,,,,,,,,,,,,
MRS-031,,,,,ARC003,SWD014,,,,,,,,,,,,
MRS-032,SRS-004,TST-004,TRA-004,,,,,,,,,,,,,,,
MRS-032,SRS-014,TST-005,TRA-005,,,,,,,,,,,,,,,
MRS-032,SRS-015,,,,,,,,,,,,,,,,,
MRS-032,SRS-016,TST-006,TRA-006,,,,,,,,,,,,,,,
MRS-032,SRS-016,TST-007,TRA-007,,,,,,,,,,,,,,,
MRS-032,SRS-017,TST-008,TRA-008,,,,,,,,,,,,,,,
MRS-032,SRS-018,,,,,,,,,,,,,,,,,
MRS-032,SRS-019,TST-009,TRA-009,,,,,,,,,,,,,,,
MRS-032,SRS-020,TST-009,TRA-009,,,,,,,,,,,,,,,
MRS-032,SRS-021,TST-009,TRA-009,,,,,,,,,,,,,,,
MRS-032,SRS-022,TST-010,TRA-010,,,,,,,,,,,,,,,
MRS-032,SRS-022,TST-011,TRA-011,,,,,,,,,,,,,,,
MRS-032,SRS-022,TST-012,TRA-012,,,,,,,,,,,,,,,
MRS-032,SRS-023,TST-012,TRA-012,,,,,,,,,,,,,,,
MRS-032,SRS-028,TST-017,TRA-017,,,,,,,,,,,,,,,
MRS-032,SRS-029,TST-018,TRA-018,,,,,,,,,,,,,,,
MRS-032,SRS-030,TST-019,TRA-019,,,,,,,,,,,,,,,
MRS-032,SRS-031,TST-020,TRA-020,,,,,,,,,,,,,,,
MRS-032,SRS-032,TST-021,TRA-021,,,,,,,,,,,,,,,
MRS-032,SRS-033,TST-022,TRA-022,,,,,,,,,,,,,,,
MRS-032,SRS-034,TST-023,TRA-023,,,,,,,,,,,,,,,
MRS-032,SRS-035,TST-024,TRA-024,,,,,,,,,,,,,,,
MRS-032,SRS-036,TST-025,TRA-025,,,,,,,,,,,,,,,
MRS-032,SRS-037,TST-026,TRA-026,,,,,,,,,,,,,,,
MRS-032,SRS-038,TST-027,TRA-027,,,,,,,,,,,,,,,
MRS-032,SRS-039,TST-028,TRA-028,,,,,,,,,,,,,,,
MRS-032,SRS-040,TST-029,TRA-029,,,,,,,,,,,,,,,
MRS-032,SRS-041,TST-030,TRA-030,,,,,,,,,,,,,,,
MRS-032,SRS-042,TST-031,TRA-031,,,,,,,,,,,,,,,
MRS-032,SRS-043,TST-032,TRA-032,,,,,,,,,,,,,,,
MRS-032,SRS-044,TST-033,TRA-033,,,,,,,,,,,,,,,
MRS-032,SRS-045,TST-034,TRA-034,,,,,,,,,,,,,,,
MRS-033,,,,,ARC003,SWD001,,,,,,,,,,,,
MRS-033,,,,,ARC003,SWD002,,,,,,,,,,,,
MRS-033,,,,,ARC003,SWD003,,,,,,,,,,,,
MRS-033,,,,,ARC003,SWD004,,,,,,,,,,,,
MRS-033,,,,,ARC003,SWD005,,,,,,,,,,,,
MRS-033,,,,,ARC003,SWD006,,,,,,,,,,,,
MRS-033,,,,,ARC003,SWD007,,,,,,,,,,,,
MRS-033,,,,,ARC003,SWD008,,,,,,,,,,,,
MRS-033,,,,,ARC003,SWD009,,,,,,,,,,,,
MRS-033,,,,,ARC003,SWD010,,,,,,,,,,,,
MRS-033,,,,,ARC003,SWD011,,,,,,,,,,,,
MRS-033,,,,,ARC003,SWD012,,,,,,,,,,,,
MRS-033,,,,,ARC003,SWD013,,,,,,,,,,,,
MRS-033,,,,,ARC003,SWD014,,,,,,,,,,,,
MRS-033,,,,,ARC004,SWD001,,,,,,,,,,,,
MRS-033,,,,,ARC004,SWD002,,,,,,,,,,,,
MRS-033,,,,,ARC004,SWD003,,,,,,,,,,,,
MRS-033,,,,,ARC004,SWD004,,,,,,,,,,,,
MRS-033,,,,,ARC004,SWD005,,,,,,,,,,,,
MRS-033,,,,,ARC004,SWD006,,,,,,,,,,,,
MRS-033,,,,,ARC004,SWD007,,,,,,,,,,,,
MRS-033,,,,,ARC004,SWD008,,,,,,,,,,,,
MRS-033,,,,,ARC004,SWD009,,,,,,,,,,,,
MRS-033,,,,,ARC004,SWD010,,,,,,,,,,,,
MRS-033,,,,,ARC004,SWD011,,,,,,,,,,,,
MRS-033,,,,,ARC004,SWD012,,,,,,,,,,,,
MRS-033,,,,,ARC004,SWD013,,,,,,,,,,,,
MRS-033,,,,,ARC004,SWD014,,,,,,,,,,,,
MRS-034,,,,,ARC003,SWD001,,,,,,,,,,,,
MRS-034,,,,,ARC003,SWD002,,,,,,,,,,,,
MRS-034,,,,,ARC003,SWD003,,,,,,,,,,,,
MRS-034,,,,,ARC003,SWD004,,,,,,,,,,,,
MRS-034,,,,,ARC003,SWD005,,,,,,,,,,,,
MRS-034,,,,,ARC003,SWD006,,,,,,,,,,,,
MRS-034,,,,,ARC003,SWD007,,,,,,,,,,,,
MRS-034,,,,,ARC003,SWD008,,,,,,,,,,,,
MRS-034,,,,,ARC003,SWD009,,,,,,,,,,,,
MRS-034,,,,,ARC003,SWD010,,,,,,,,,,,,
MRS-034,,,,,ARC003,SWD011,,,,,,,,,,,,
MRS-034,,,,,ARC003,SWD012,,,,,,,,,,,,
MRS-034,,,,,ARC003,SWD013,,,,,,,,,,,,
MRS-034,,,,,ARC003,SWD014,,,,,,,,,,,,
MRS-034,,,,,ARC004,SWD001,,,,,,,,,,,,
MRS-034,,,,,ARC004,SWD002,,,,,,,,,,,,
MRS-034,,,,,ARC004,SWD003,,,,,,,,,,,,
MRS-034,,,,,ARC004,SWD004,,,,,,,,,,,,
MRS-034,,,,,ARC004,SWD005,,,,,,,,,,,,
MRS-034,,,,,ARC004,SWD006,,,,,,,,,,,,
MRS-034,,,,,ARC004,SWD007,,,,,,,,,,,,
MRS-034,,,,,ARC004,SWD008,,,,,,,,,,,,
MRS-034,,,,,ARC004,SWD009,,,,,,,,,,,,
MRS-034,,,,,ARC004,SWD010,,,,,,,,,,,,
MRS-034,,,,,ARC004,SWD011,,,,,,,,,,,,
MRS-034,,,,,ARC004,SWD012,,,,,,,,,,,,
MRS-034,,,,,ARC004,SWD013,,,,,,,,,,,,
MRS-034,,,,,ARC004,SWD014,,,,,,,,,,,,
MRS-035,,,,,ARC003,SWD001,,,,,,,,,,,,
MRS-035,,,,,ARC003,SWD002,,,,,,,,,,,,
MRS-035,,,,,ARC003,SWD003,,,,,,,,,,,,
MRS-035,,,,,ARC003,SWD004,,,,,,,,,,,,
MRS-035,,,,,ARC003,SWD005,,,,,,,,,,,,
MRS-035,,,,,ARC003,SWD006,,,,,,,,,,,,
MRS-035,,,,,ARC003,SWD007,,,,,,,,,,,,
MRS-035,,,,,ARC003,SWD008,,,,,,,,,,,,
MRS-035,,,,,ARC003,SWD009,,,,,,,,,,,,
MRS-035,,,,,ARC003,SWD010,,,,,,,,,,,,
MRS-035,,,,,ARC003,SWD011,,,,,,,,,,,,
MRS-035,,,,,ARC003,SWD012,,,,,,,,,,,,
MRS-035,,,,,ARC003,SWD013,,,,,,,,,,,,
MRS-035,,,,,ARC003,SWD014,,,,,,,,,,,,
MRS-035,,,,,ARC004,SWD001,,,,,,,,,,,,
MRS-035,,,,,ARC004,SWD002,,,,,,,,,,,,
MRS-035,,,,,ARC004,SWD003,,,,,,,,,,,,
MRS-035,,,,,ARC004,SWD004,,,,,,,,,,,,
MRS-035,,,,,ARC004,SWD005,,,,,,,,,,,,
MRS-035,,,,,ARC004,SWD006,,,,,,,,,,,,
MRS-035,,,,,ARC004,SWD007,,,,,,,,,,,,
MRS-035,,,,,ARC004,SWD008,,,,,,,,,,,,
MRS-035,,,,,ARC004,SWD009,,,,,,,,,,,,
MRS-035,,,,,ARC004,SWD010,,,,,,,,,,,,
MRS-035,,,,,ARC004,SWD011,,,,,,,,,,,,
MRS-035,,,,,ARC004,SWD012,,,,,,,,,,,,
MRS-035,,,,,ARC004,SWD013,,,,,,,,,,,,
MRS-035,,,,,ARC004,SWD014,,,,,,,,,,,,
MRS-036,SRS-001,TST-001,TRA-001,,,,,,,,,,,,,,,
MRS-036,SRS-002,TST-002,TRA-002,,,,,,,,,,,,,,,
MRS-036,SRS-027,TST-016,TRA-016,,,,,,,,,,,,,,,
MRS-037,SRS-022,TST-010,TRA-010,,,,,,,,,,,,,,,
MRS-037,SRS-022,TST-011,TRA-011,,,,,,,,,,,,,,,
MRS-037,SRS-022,TST-012,TRA-012,,,,,,,,,,,,,,,
MRS-038,SRS-023,TST-012,TRA-012,,,,,,,,,,,,,,,
MRS-039,SRS-014,TST-005,TRA-005,,,,,,,,,,,,,,,
MRS-039,SRS-015,,,,,,,,,,,,,,,,,
MRS-039,SRS-016,TST-006,TRA-006,,,,,,,,,,,,,,,
MRS-039,SRS-016,TST-007,TRA-007,,,,,,,,,,,,,,,
MRS-039,SRS-017,TST-008,TRA-008,,,,,,,,,,,,,,,
MRS-039,SRS-018,,,,,,,,,,,,,,,,,
MRS-040,SRS-020,TST-009,TRA-009,,,,,,,,,,,,,,,
MRS-040,SRS-021,TST-009,TRA-009,,,,,,,,,,,,,,,
MRS-041,SRS-024,TST-013,TRA-013,,,,,,,,,,,,,,,
MRS-041,SRS-033,TST-022,TRA-022,,,,,,,,,,,,,,,
MRS-041,SRS-034,TST-023,TRA-023,,,,,,,,,,,,,,,
MRS-042,SRS-024,TST-013,TRA-013,,,,,,,,,,,,,,,
MRS-043,SRS-035,TST-024,TRA-024,,,,,,,,,,,,,,,
MRS-043,SRS-036,TST-025,TRA-025,,,,,,,,,,,,,,,
MRS-043,SRS-037,TST-026,TRA-026,,,,,,,,,,,,,,,
MRS-043,SRS-038,TST-027,TRA-027,,,,,,,,,,,,,,,
MRS-043,SRS-039,TST-028,TRA-028,,,,,,,,,,,,,,,
MRS-043,SRS-040,TST-029,TRA-029,,,,,,,,,,,,,,,
MRS-043,SRS-041,TST-030,TRA-030,,,,,,,,,,,,,,,
MRS-044,SRS-025,TST-014,TRA-014,,,,,,,,,,,,,,,
MRS-045,SRS-026,TST-015,TRA-015,,,,,,,,,,,,,,,
MRS-046,,,,,,,,,,,,,,,,,,
MRS-047,,,,,,,,,,,,,,,,,,
MRS-048,,,,,ARC003,SWD001,,,,,,,,,,,,
MRS-048,,,,,ARC003,SWD002,,,,,,,,,,,,
MRS-048,,,,,ARC003,SWD003,,,,,,,,,,,,
MRS-048,,,,,ARC003,SWD004,,,,,,,,,,,,
MRS-048,,,,,ARC003,SWD005,,,,,,,,,,,,
MRS-048,,,,,ARC003,SWD006,,,,,,,,,,,,
MRS-048,,,,,ARC003,SWD007,,,,,,,,,,,,
MRS-048,,,,,ARC003,SWD008,,,,,,,,,,,,
MRS-048,,,,,ARC003,SWD009,,,,,,,,,,,,
MRS-048,,,,,ARC003,SWD010,,,,,,,,,,,,
MRS-048,,,,,ARC003,SWD011,,,,,,,,,,,,
MRS-048,,,,,ARC003,SWD012,,,,,,,,,,,,
MRS-048,,,,,ARC003,SWD013,,,,,,,,,,,,
MRS-048,,,,,ARC003,SWD014,,,,,,,,,,,,
MRS-049,,,,,ARC003,SWD001,,,,,,,,,,,,
MRS-049,,,,,ARC003,SWD002,,,,,,,,,,,,
MRS-049,,,,,ARC003,SWD003,,,,,,,,,,,,
MRS-049,,,,,ARC003,SWD004,,,,,,,,,,,,
MRS-049,,,,,ARC003,SWD005,,,,,,,,,,,,
MRS-049,,,,,ARC003,SWD006,,,,,,,,,,,,
MRS-049,,,,,ARC003,SWD007,,,,,,,,,,,,
MRS-049,,,,,ARC003,SWD008,,,,,,,,,,,,
MRS-049,,,,,ARC003,SWD009,,,,,,,,,,,,
MRS-049,,,,,ARC003,SWD010,,,,,,,,,,,,
MRS-049,,,,,ARC003,SWD011,,,,,,,,,,,,
MRS-049,,,,,ARC003,SWD012,,,,,,,,,,,,
MRS-049,,,,,ARC003,SWD013,,,,,,,,,,,,
MRS-049,,,,,ARC003,SWD014,,,,,,,,,,,,
MRS-050,,,,,ARC003,SWD001,,,,,,,,,,,,
MRS-050,,,,,ARC003,SWD002,,,,,,,,,,,,
MRS-050,,,,,ARC003,SWD003,,,,,,,,,,,,
MRS-050,,,,,ARC003,SWD004,,,,,,,,,,,,
MRS-050,,,,,ARC003,SWD005,,,,,,,,,,,,
MRS-050,,,,,ARC003,SWD006,,,,,,,,,,,,
MRS-050,,,,,ARC003,SWD007,,,,,,,,,,,,
MRS-050,,,,,ARC003,SWD008,,,,,,,,,,,,
MRS-050,,,,,ARC003,SWD009,,,,,,,,,,,,
MRS-050,,,,,ARC003,SWD010,,,,,,,,,,,,
MRS-050,,,,,ARC003,SWD011,,,,,,,,,,,,
MRS-050,,,,,ARC003,SWD012,,,,,,,,,,,,
MRS-050,,,,,ARC003,SWD013,,,,,,,,,,,,
MRS-050,,,,,ARC003,SWD014,,,,,,,,,,,,
MRS-051,,,,,ARC003,SWD001,,,,,,,,,,,,
MRS-051,,,,,ARC003,SWD002,,,,,,,,,,,,
MRS-051,,,,,ARC003,SWD003,,,,,,,,,,,,
MRS-051,,,,,ARC003,SWD004,,,,,,,,,,,,
MRS-051,,,,,ARC003,SWD005,,,,,,,,,,,,
MRS-051,,,,,ARC003,SWD006,,,,,,,,,,,,
MRS-051,,,,,ARC003,SWD007,,,,,,,,,,,,
MRS-051,,,,,ARC003,SWD008,,,,,,,,,,,,
MRS-051,,,,,ARC003,SWD009,,,,,,,,,,,,
MRS-051,,,,,ARC003,SWD010,,,,,,,,,,,,
MRS-051,,,,,ARC003,SWD011,,,,,,,,,,,,
MRS-051,,,,,ARC003,SWD012,,,,,,,,,,,,
MRS-051,,,,,ARC003,SWD013,,,,,,,,,,,,
MRS-051,,,,,ARC003,SWD014,,,,,,,,,,,,
MRS-052,,,,,ARC003,SWD001,,,,,,,,,,,,
MRS-052,,,,,ARC003,SWD002,,,,,,,,,,,,
MRS-052,,,,,ARC003,SWD003,,,,,,,,,,,,
MRS-052,,,,,ARC003,SWD004,,,,,,,,,,,,
MRS-052,,,,,ARC003,SWD005,,,,,,,,,,,,
MRS-052,,,,,ARC003,SWD006,,,,,,,,,,,,
MRS-052,,,,,ARC003,SWD007,,,,,,,,,,,,
MRS-052,,,,,ARC003,SWD008,,,,,,,,,,,,
MRS-052,,,,,ARC003,SWD009,,,,,,,,,,,,
MRS-052,,,,,ARC003,SWD010,,,,,,,,,,,,
MRS-052,,,,,ARC003,SWD011,,,,,,,,,,,,
MRS-052,,,,,ARC003,SWD012,,,,,,,,,,,,
MRS-052,,,,,ARC003,SWD013,,,,,,,,,,,,
MRS-052,,,,,ARC003,SWD014,,,,,,,,,,,,
MRS-053,SRS-003,TST-003,TRA-003,,,,,,,,,,,,,,,
MRS-053,SRS-004,TST-004,TRA-004,,,,,,,,,,,,,,,
MRS-053,SRS-044,TST-033,TRA-033,,,,,,,,,,,,,,,
MRS-053,SRS-045,TST-034,TRA-034,,,,,,,,,,,,,,,
MRS-053,,,,,ARC003,SWD001,,,,,,,,,,,,
MRS-053,,,,,ARC003,SWD002,,,,,,,,,,,,
MRS-053,,,,,ARC003,SWD003,,,,,,,,,,,,
MRS-053,,,,,ARC003,SWD004,,,,,,,,,,,,
MRS-053,,,,,ARC003,SWD005,,,,,,,,,,,,
MRS-053,,,,,ARC003,SWD006,,,,,,,,,,,,
MRS-053,,,,,ARC003,SWD007,,,,,,,,,,,,
MRS-053,,,,,ARC003,SWD008,,,,,,,,,,,,
MRS-053,,,,,ARC003,SWD009,,,,,,,,,,,,
MRS-053,,,,,ARC003,SWD010,,,,,,,,,,,,
MRS-053,,,,,ARC003,SWD011,,,,,,,,,,,,
MRS-053,,,,,ARC003,SWD012,,,,,,,,,,,,
MRS-053,,,,,ARC003,SWD013,,,,,,,,,,,,
MRS-053,,,,,ARC003,SWD014,,,,,,,,,,,,
MRS-054,,,,,ARC003,SWD001,,,,,,,,,,,,
MRS-054,,,,,ARC003,SWD002,,,,,,,,,,,,
MRS-054,,,,,ARC003,SWD003,,,,,,,,,,,,
MRS-054,,,,,ARC003,SWD004,,,,,,,,,,,,
MRS-054,,,,,ARC003,SWD005,,,,,,,,,,,,
MRS-054,,,,,ARC003,SWD006,,,,,,,,,,,,
MRS-054,,,,,ARC003,SWD007,,,,,,,,,,,,
MRS-054,,,,,ARC003,SWD008,,,,,,,,,,,,
MRS-054,,,,,ARC003,SWD009,,,,,,,,,,,,
MRS-054,,,,,ARC003,SWD010,,,,,,,,,,,,
MRS-054,,,,,ARC003,SWD011,,,,,,,,,,,,
MRS-054,,,,,ARC003,SWD012,,,,,,,,,,,,
MRS-054,,,,,ARC003,SWD013,,,,,,,,,,,,
MRS-054,,,,,ARC003,SWD014,,,,,,,,,,,,
MRS-055,SRS-003,TST-003,TRA-003,,,,,,,,,,,,,,,
MRS-055,SRS-004,TST-004,TRA-004,,,,,,,,,,,,,,,
MRS-055,SRS-044,TST-033,TRA-033,,,,,,,,,,,,,,,
MRS-055,SRS-045,TST-034,TRA-034,,,,,,,,,,,,,,,
MRS-055,,,,,ARC003,SWD001,,,,,,,,,,,,
MRS-055,,,,,ARC003,SWD002,,,,,,,,,,,,
MRS-055,,,,,ARC003,SWD003,,,,,,,,,,,,
MRS-055,,,,,ARC003,SWD004,,,,,,,,,,,,
MRS-055,,,,,ARC003,SWD005,,,,,,,,,,,,
MRS-055,,,,,ARC003,SWD006,,,,,,,,,,,,
MRS-055,,,,,ARC003,SWD007,,,,,,,,,,,,
MRS-055,,,,,ARC003,SWD008,,,,,,,,,,,,
MRS-055,,,,,ARC003,SWD009,,,,,,,,,,,,
MRS-055,,,,,ARC003,SWD010,,,,,,,,,,,,
MRS-055,,,,,ARC003,SWD011,,,,,,,,,,,,
MRS-055,,,,,ARC003,SWD012,,,,,,,,,,,,
MRS-055,,,,,ARC003,SWD013,,,,,,,,,,,,
MRS-055,,,,,ARC003,SWD014,,,,,,,,,,,,
MRS-056,,,,,ARC003,SWD001,,,,,,,,,,,,
MRS-056,,,,,ARC003,SWD002,,,,,,,,,,,,
MRS-056,,,,,ARC003,SWD003,,,,,,,,,,,,
MRS-056,,,,,ARC003,SWD004,,,,,,,,,,,,
MRS-056,,,,,ARC003,SWD005,,,,,,,,,,,,
MRS-056,,,,,ARC003,SWD006,,,,,,,,,,,,
MRS-056,,,,,ARC003,SWD007,,,,,,,,,,,,
MRS-056,,,,,ARC003,SWD008,,,,,,,,,,,,
MRS-056,,,,,ARC003,SWD009,,,,,,,,,,,,
MRS-056,,,,,ARC003,SWD010,,,,,,,,,,,,
MRS-056,,,,,ARC003,SWD011,,,,,,,,,,,,
MRS-056,,,,,ARC003,SWD012,,,,,,,,,,,,
MRS-056,,,,,ARC003,SWD013,,,,,,,,,,,,
MRS-056,,,,,ARC003,SWD014,,,,,,,,,,,,
MRS-056,,,,,ARC004,SWD001,,,,,,,,,,,,
MRS-056,,,,,ARC004,SWD002,,,,,,,,,,,,
MRS-056,,,,,ARC004,SWD003,,,,,,,,,,,,
MRS-056,,,,,ARC004,SWD004,,,,,,,,,,,,
MRS-056,,,,,ARC004,SWD005,,,,,,,,,,,,
MRS-056,,,,,ARC004,SWD006,,,,,,,,,,,,
MRS-056,,,,,ARC004,SWD007,,,,,,,,,,,,
MRS-056,,,,,ARC004,SWD008,,,,,,,,,,,,
MRS-056,,,,,ARC004,SWD009,,,,,,,,,,,,
MRS-056,,,,,ARC004,SWD010,,,,,,,,,,,,
MRS-056,,,,,ARC004,SWD011,,,,,,,,,,,,
MRS-056,,,,,ARC004,SWD012,,,,,,,,,,,,
MRS-056,,,,,ARC004,SWD013,,,,,,,,,,,,
MRS-056,,,,,ARC004,SWD014,,,,,,,,,,,,
MRS-057,,,,,ARC004,SWD001,,,,,,,,,,,,
MRS-057,,,,,ARC004,SWD002,,,,,,,,,,,,
MRS-057,,,,,ARC004,SWD003,,,,,,,,,,,,
MRS-057,,,,,ARC004,SWD004,,,,,,,,,,,,
MRS-057,,,,,ARC004,SWD005,,,,,,,,,,,,
MRS-057,,,,,ARC004,SWD006,,,,,,,,,,,,
MRS-057,,,,,ARC004,SWD007,,,,,,,,,,,,
MRS-057,,,,,ARC004,SWD008,,,,,,,,,,,,
MRS-057,,,,,ARC004,SWD009,,,,,,,,,,,,
MRS-057,,,,,ARC004,SWD010,,,,,,,,,,,,
MRS-057,,,,,ARC004,SWD011,,,,,,,,,,,,
MRS-057,,,,,ARC004,SWD012,,,,,,,,,,,,
MRS-057,,,,,ARC004,SWD013,,,,,,,,,,,,
MRS-057,,,,,ARC004,SWD014,,,,,,,,,,,,
MRS-058,,,,,ARC001,,,,,,,,,,,,,
MRS-058,,,,,ARC002,,,,,,,,,,,,,
MRS-058,,,,,ARC003,SWD001,,,,,,,,,,,,
MRS-058,,,,,ARC003,SWD002,,,,,,,,,,,,
MRS-058,,,,,ARC003,SWD003,,,,,,,,,,,,
MRS-058,,,,,ARC003,SWD004,,,,,,,,,,,,
MRS-058,,,,,ARC003,SWD005,,,,,,,,,,,,
MRS-058,,,,,ARC003,SWD006,,,,,,,,,,,,
MRS-058,,,,,ARC003,SWD007,,,,,,,,,,,,
MRS-058,,,,,ARC003,SWD008,,,,,,,,,,,,
MRS-058,,,,,ARC003,SWD009,,,,,,,,,,,,
MRS-058,,,,,ARC003,SWD010,,,,,,,,,,,,
MRS-058,,,,,ARC003,SWD011,,,,,,,,,,,,
MRS-058,,,,,ARC003,SWD012,,,,,,,,,,,,
MRS-058,,,,,ARC003,SWD013,,,,,,,,,,,,
MRS-058,,,,,ARC003,SWD014,,,,,,,,,,,,
MRS-058,,,,,ARC004,SWD001,,,,,,,,,,,,
MRS-058,,,,,ARC004,SWD002,,,,,,,,,,,,
MRS-058,,,,,ARC004,SWD003,,,,,,,,,,,,
MRS-058,,,,,ARC004,SWD004,,,,,,,,,,,,
MRS-058,,,,,ARC004,SWD005,,,,,,,,,,,,
MRS-058,,,,,ARC004,SWD006,,,,,,,,,,,,
MRS-058,,,,,ARC004,SWD007,,,,,,,,,,,,
MRS-058,,,,,ARC004,SWD008,,,,,,,,,,,,
MRS-058,,,,,ARC004,SWD009,,,,,,,,,,,,
MRS-058,,,,,ARC004,SWD010,,,,,,,,,,,,
MRS-058,,,,,ARC004,SWD011,,,,,,,,,,,,
MRS-058,,,,,ARC004,SWD012,,,,,,,,,,,,
MRS-058,,,,,ARC004,SWD013,,,,,,,,,,,,
MRS-058,,,,,ARC004,SWD014,,,,,,,,,,,,
MRS-059,,,,,ARC004,SWD001,,,,,,,,,,,,
MRS-059,,,,,ARC004,SWD002,,,,,,,,,,,,
MRS-059,,,,,ARC004,SWD003,,,,,,,,,,,,
MRS-059,,,,,ARC004,SWD004,,,,,,,,,,,,
MRS-059,,,,,ARC004,SWD005,,,,,,,,,,,,
MRS-059,,,,,ARC004,SWD006,,,,,,,,,,,,
MRS-059,,,,,ARC004,SWD007,,,,,,,,,,,,
MRS-059,,,,,ARC004,SWD008,,,,,,,,,,,,
MRS-059,,,,,ARC004,SWD009,,,,,,,,,,,,
MRS-059,,,,,ARC004,SWD010,,,,,,,,,,,,
MRS-059,,,,,ARC004,SWD011,,,,,,,,,,,,
MRS-059,,,,,ARC004,SWD012,,,,,,,,,,,,
MRS-059,,,,,ARC004,SWD013,,,,,,,,,,,,
MRS-059,,,,,ARC004,SWD014,,,,,,,,,,,,
MRS-060,,,,,,,,,,,,,,,,,,
,,TST-035,,TRB-001,,,,,,,,,,,,,,
,,TST-036,,TRB-002,,,,,,,,,,,,,,
,,TST-037,,TRB-003,,,,,,,,,,,,,,
,,TST-037,,TRB-031,,,,,,,,,,,,,,
,,TST-038,,TRB-004,,,,,,,,,,,,,,
,,TST-039,,TRB-005,,,,,,,,,,,,,,
,,TST-040,,TRB-006,,,,,,,,,,,,,,
,,TST-041,,TRB-007,,,,,,,,,,,,,,
,,TST-042,,TRB-008,,,,,,,,,,,,,,
,,TST-042,,TRB-029,,,,,,,,,,,,,,
,,TST-043,,TRB-009,,,,,,,,,,,,,,
,,TST-043,,TRB-030,,,,,,,,,,,,,,
,,TST-044,,TRB-010,,,,,,,,,,,,,,
,,TST-045,,TRB-011,,,,,,,,,,,,,,
,,TST-046,,TRB-012,,,,,,,,,,,,,,
,,TST-047,,TRB-013,,,,,,,,,,,,,,
,,TST-047,,TRB-028,,,,,,,,,,,,,,
,,TST-048,,TRB-014,,,,,,,,,,,,,,
,,TST-048,,TRB-027,,,,,,,,,,,,,,
,,TST-049,,TRB-015,,,,,,,,,,,,,,
,,TST-050,,TRB-016,,,,,,,,,,,,,,
,,TST-051,,TRB-017,,,,,,,,,,,,,,
,,TST-051,,TRB-026,,,,,,,,,,,,,,
,,TST-052,,TRB-018,,,,,,,,,,,,,,
,,TST-053,,TRB-019,,,,,,,,,,,,,,
,,TST-054,,TRB-020,,,,,,,,,,,,,,
,,TST-055,,TRB-021,,,,,,,,,,,,,,
,,TST-056,,TRB-022,,,,,,,,,,,,,,
,,TST-057,,TRB-023,,,,,,,,,,,,,,
,,TST-057,,TRB-025,,,,,,,,,,,,,,
,,TST-058,,TRB-024,,,,,,,,,,,,,,
,,,,,,,,CC-001,ACC-001,AFML-001,ACOM-001,CREQ-001,,,,,,
,,,,,,,,CC-001,ACC-001,AFML-001,ACOM-001,CREQ-002,,,,,,
,,,,,,,,CC-001,ACC-001,AFML-001,ACOM-001,CREQ-003,,,,,,
,,,,,,,,CC-001,ACC-001,AFML-001,ACOM-001,CREQ-004,,,,,,
,,,,,,,,CC-001,ACC-001,AFML-001,ACOM-001,CREQ-005,,,,,,
,,,,,,,,CC-001,ACC-001,AFML-001,ACOM-001,,DREQ-001,,,,,
,,,,,,,,CC-001,ACC-001,AFML-001,ACOM-001,,,EREQ-001,,,,
,,,,,,,,CC-001,ACC-001,AFML-002,ACOM-002,CREQ-006,,,,,,
,,,,,,,,CC-001,ACC-001,AFML-002,ACOM-002,CREQ-007,,,,,,
,,,,,,,,CC-001,ACC-001,AFML-002,ACOM-002,CREQ-008,,,,,,
,,,,,,,,CC-001,ACC-001,AFML-002,ACOM-002,CREQ-009,,,,,,
,,,,,,,,CC-001,ACC-001,AFML-002,ACOM-002,CREQ-010,,,,,,
,,,,,,,,CC-001,ACC-001,AFML-002,ACOM-002,CREQ-011,,,,,,
,,,,,,,,CC-001,ACC-001,AFML-002,ACOM-002,CREQ-012,,,,,,
,,,,,,,,CC-001,ACC-001,AFML-002,ACOM-002,CREQ-013,,,,,,
,,,,,,,,CC-001,ACC-001,AFML-002,ACOM-002,CREQ-014,,,,,,
,,,,,,,,CC-001,ACC-001,AFML-002,ACOM-002,CREQ-015,,,,,,
,,,,,,,,CC-001,ACC-001,AFML-002,ACOM-002,CREQ-016,,,,,,
,,,,,,,,CC-001,ACC-001,AFML-002,ACOM-002,CREQ-017,,,,,,
,,,,,,,,CC-001,ACC-001,AFML-002,ACOM-002,CREQ-018,,,,,,
,,,,,,,,CC-001,ACC-001,AFML-002,ACOM-002,CREQ-019,,,,,,
,,,,,,,,CC-001,ACC-001,AFML-002,ACOM-002,CREQ-020,,,,,,
,,,,,,,,CC-001,ACC-001,AFML-002,ACOM-002,CREQ-021,,,,,,
,,,,,,,,CC-001,ACC-001,AFML-002,ACOM-002,,DREQ-002,,,,,
,,,,,,,,CC-001,ACC-001,AFML-002,ACOM-002,,DREQ-003,,,,,
,,,,,,,,CC-001,ACC-001,AFML-002,ACOM-002,,DREQ-004,,,,,
,,,,,,,,CC-001,ACC-001,AFML-002,ACOM-002,,,EREQ-002,,,,
,,,,,,,,CC-001,ACC-001,AFML-003,ACOM-003,CREQ-022,,,,,,
,,,,,,,,CC-001,ACC-001,AFML-003,ACOM-003,CREQ-023,,,,,,
,,,,,,,,CC-001,ACC-001,AFML-003,ACOM-003,CREQ-024,,,,,,
,,,,,,,,CC-001,ACC-001,AFML-003,ACOM-003,CREQ-025,,,,,,
,,,,,,,,CC-001,ACC-001,AFML-003,ACOM-003,,DREQ-005,,,,,
,,,,,,,,CC-001,ACC-001,AFML-003,ACOM-003,,,EREQ-003,,,,
,,,,,,,,CC-001,ACC-001,AFML-004,ACOM-006,CREQ-035,,,,,,
,,,,,,,,CC-001,ACC-001,AFML-004,ACOM-006,CREQ-036,,,,,,
,,,,,,,,CC-001,ACC-001,AFML-004,ACOM-006,CREQ-037,,,,,,
,,,,,,,,CC-001,ACC-001,AFML-004,ACOM-006,CREQ-038,,,,,,
,,,,,,,,CC-001,ACC-001,AFML-004,ACOM-006,CREQ-039,,,,,,
,,,,,,,,CC-001,ACC-001,AFML-004,ACOM-006,,DREQ-010,,,,,
,,,,,,,,CC-001,ACC-001,AFML-004,ACOM-006,,DREQ-011,,,,,
,,,,,,,,CC-001,ACC-001,AFML-004,ACOM-006,,,EREQ-006,,,,
,,,,,,,,CC-001,ACC-001,AFML-004,ACOM-006,,,EREQ-007,,,,
,,,,,,,,CC-001,ACC-001,AFML-005,ACOM-007,CREQ-040,,,,,,
,,,,,,,,CC-001,ACC-001,AFML-005,ACOM-007,CREQ-041,,,,,,
,,,,,,,,CC-001,ACC-001,AFML-005,ACOM-007,CREQ-042,,,,,,
,,,,,,,,CC-001,ACC-001,AFML-005,ACOM-007,CREQ-043,,,,,,
,,,,,,,,CC-001,ACC-001,AFML-005,ACOM-007,CREQ-044,,,,,,
,,,,,,,,CC-001,ACC-001,AFML-005,ACOM-007,CREQ-045,,,,,,
,,,,,,,,CC-001,ACC-001,AFML-005,ACOM-007,CREQ-046,,,,,,
,,,,,,,,CC-001,ACC-001,AFML-005,ACOM-007,CREQ-047,,,,,,
,,,,,,,,CC-001,ACC-001,AFML-005,ACOM-007,CREQ-048,,,,,,
,,,,,,,,CC-001,ACC-001,AFML-005,ACOM-007,,DREQ-012,,,,,
,,,,,,,,CC-001,ACC-001,AFML-005,ACOM-007,,DREQ-013,,,,,
,,,,,,,,CC-001,ACC-001,AFML-005,ACOM-007,,,EREQ-008,,,,
,,,,,,,,CC-001,ACC-001,AFML-005,ACOM-008,CREQ-049,,,,,,
,,,,,,,,CC-001,ACC-001,AFML-005,ACOM-008,CREQ-050,,,,,,
,,,,,,,,CC-001,ACC-001,AFML-005,ACOM-008,CREQ-051,,,,,,
,,,,,,,,CC-001,ACC-001,AFML-005,ACOM-008,CREQ-052,,,,,,
,,,,,,,,CC-001,ACC-001,AFML-005,ACOM-008,CREQ-053,,,,,,
,,,,,,,,CC-001,ACC-001,AFML-005,ACOM-008,CREQ-054,,,,,,
,,,,,,,,CC-001,ACC-001,AFML-005,ACOM-008,CREQ-055,,,,,,
,,,,,,,,CC-001,ACC-001,AFML-005,ACOM-008,CREQ-056,,,,,,
,,,,,,,,CC-001,ACC-001,AFML-005,ACOM-008,CREQ-057,,,,,,
,,,,,,,,CC-001,ACC-001,AFML-005,ACOM-008,,DREQ-014,,,,,
,,,,,,,,CC-001,ACC-001,AFML-005,ACOM-008,,DREQ-015,,,,,
,,,,,,,,CC-001,ACC-001,AFML-005,ACOM-008,,,EREQ-009,,,,
,,,,,,,,CC-001,ACC-001,AFML-052,ACOM-004,CREQ-026,,,,,,
,,,,,,,,CC-001,ACC-001,AFML-052,ACOM-004,CREQ-027,,,,,,
,,,,,,,,CC-001,ACC-001,AFML-052,ACOM-004,CREQ-028,,,,,,
,,,,,,,,CC-001,ACC-001,AFML-052,ACOM-004,,DREQ-006,,,,,
,,,,,,,,CC-001,ACC-001,AFML-052,ACOM-004,,DREQ-007,,,,,
,,,,,,,,CC-001,ACC-001,AFML-052,ACOM-004,,,EREQ-004,,,,
,,,,,,,,CC-001,ACC-001,AFML-052,ACOM-005,CREQ-029,,,,,,
,,,,,,,,CC-001,ACC-001,AFML-052,ACOM-005,CREQ-030,,,,,,
,,,,,,,,CC-001,ACC-001,AFML-052,ACOM-005,CREQ-031,,,,,,
,,,,,,,,CC-001,ACC-001,AFML-052,ACOM-005,CREQ-032,,,,,,
,,,,,,,,CC-001,ACC-001,AFML-052,ACOM-005,CREQ-033,,,,,,
,,,,,,,,CC-001,ACC-001,AFML-052,ACOM-005,CREQ-034,,,,,,
,,,,,,,,CC-001,ACC-001,AFML-052,ACOM-005,,DREQ-008,,,,,
,,,,,,,,CC-001,ACC-001,AFML-052,ACOM-005,,DREQ-009,,,,,
,,,,,,,,CC-001,ACC-001,AFML-052,ACOM-005,,,EREQ-005,,,,
,,,,,,,,CC-001,ACC-002,AFML-006,ACOM-009,CREQ-058,,,,,,
,,,,,,,,CC-001,ACC-002,AFML-006,ACOM-009,CREQ-059,,,,,,
,,,,,,,,CC-001,ACC-002,AFML-006,ACOM-009,CREQ-060,,,,,,
,,,,,,,,CC-001,ACC-002,AFML-006,ACOM-009,CREQ-061,,,,,,
,,,,,,,,CC-001,ACC-002,AFML-006,ACOM-009,CREQ-062,,,,,,
,,,,,,,,CC-001,ACC-002,AFML-006,ACOM-009,CREQ-063,,,,,,
,,,,,,,,CC-001,ACC-002,AFML-006,ACOM-009,CREQ-064,,,,,,
,,,,,,,,CC-001,ACC-002,AFML-006,ACOM-009,CREQ-065,,,,,,
,,,,,,,,CC-001,ACC-002,AFML-006,ACOM-009,CREQ-066,,,,,,
,,,,,,,,CC-001,ACC-002,AFML-006,ACOM-009,,DREQ-016,,,,,
,,,,,,,,CC-001,ACC-002,AFML-006,ACOM-009,,,EREQ-010,,,,
,,,,,,,,CC-001,ACC-002,AFML-007,ACOM-010,CREQ-067,,,,,,
,,,,,,,,CC-001,ACC-002,AFML-007,ACOM-010,CREQ-068,,,,,,
,,,,,,,,CC-001,ACC-002,AFML-007,ACOM-010,CREQ-069,,,,,,
,,,,,,,,CC-001,ACC-002,AFML-007,ACOM-010,CREQ-070,,,,,,
,,,,,,,,CC-001,ACC-002,AFML-007,ACOM-010,CREQ-071,,,,,,
,,,,,,,,CC-001,ACC-002,AFML-007,ACOM-010,CREQ-072,,,,,,
,,,,,,,,CC-001,ACC-002,AFML-007,ACOM-010,CREQ-073,,,,,,
,,,,,,,,CC-001,ACC-002,AFML-007,ACOM-010,CREQ-074,,,,,,
,,,,,,,,CC-001,ACC-002,AFML-007,ACOM-010,CREQ-075,,,,,,
,,,,,,,,CC-001,ACC-002,AFML-007,ACOM-010,CREQ-076,,,,,,
,,,,,,,,CC-001,ACC-002,AFML-007,ACOM-010,CREQ-077,,,,,,
,,,,,,,,CC-001,ACC-002,AFML-007,ACOM-010,,DREQ-017,,,,,
,,,,,,,,CC-001,ACC-002,AFML-007,ACOM-010,,DREQ-018,,,,,
,,,,,,,,CC-001,ACC-002,AFML-007,ACOM-010,,,EREQ-011,,,,
,,,,,,,,CC-001,ACC-002,AFML-008,ACOM-011,CREQ-078,,,,,,
,,,,,,,,CC-001,ACC-002,AFML-008,ACOM-011,CREQ-079,,,,,,
,,,,,,,,CC-001,ACC-002,AFML-008,ACOM-011,CREQ-080,,,,,,
,,,,,,,,CC-001,ACC-002,AFML-008,ACOM-011,CREQ-081,,,,,,
,,,,,,,,CC-001,ACC-002,AFML-008,ACOM-011,,DREQ-019,,,,,
,,,,,,,,CC-001,ACC-002,AFML-008,ACOM-011,,,EREQ-012,,,,
,,,,,,,,CC-001,ACC-002,AFML-009,ACOM-012,CREQ-082,,,,,,
,,,,,,,,CC-001,ACC-002,AFML-009,ACOM-012,CREQ-083,,,,,,
,,,,,,,,CC-001,ACC-002,AFML-009,ACOM-012,CREQ-084,,,,,,
,,,,,,,,CC-001,ACC-002,AFML-009,ACOM-012,,DREQ-020,,,,,
,,,,,,,,CC-001,ACC-002,AFML-009,ACOM-012,,DREQ-021,,,,,
,,,,,,,,CC-001,ACC-002,AFML-009,ACOM-012,,,EREQ-013,,,,
,,,,,,,,CC-001,ACC-002,AFML-009,ACOM-013,CREQ-085,,,,,,
,,,,,,,,CC-001,ACC-002,AFML-009,ACOM-013,CREQ-086,,,,,,
,,,,,,,,CC-001,ACC-002,AFML-009,ACOM-013,CREQ-087,,,,,,
,,,,,,,,CC-001,ACC-002,AFML-009,ACOM-013,CREQ-088,,,,,,
,,,,,,,,CC-001,ACC-002,AFML-009,ACOM-013,CREQ-089,,,,,,
,,,,,,,,CC-001,ACC-002,AFML-009,ACOM-013,CREQ-090,,,,,,
,,,,,,,,CC-001,ACC-002,AFML-009,ACOM-013,,DREQ-022,,,,,
,,,,,,,,CC-001,ACC-002,AFML-009,ACOM-013,,DREQ-023,,,,,
,,,,,,,,CC-001,ACC-002,AFML-009,ACOM-013,,,EREQ-014,,,,
,,,,,,,,CC-001,ACC-002,AFML-010,ACOM-014,CREQ-091,,,,,,
,,,,,,,,CC-001,ACC-002,AFML-010,ACOM-014,CREQ-092,,,,,,
,,,,,,,,CC-001,ACC-002,AFML-010,ACOM-014,CREQ-093,,,,,,
,,,,,,,,CC-001,ACC-002,AFML-010,ACOM-014,CREQ-094,,,,,,
,,,,,,,,CC-001,ACC-002,AFML-010,ACOM-014,CREQ-095,,,,,,
,,,,,,,,CC-001,ACC-002,AFML-010,ACOM-014,,DREQ-024,,,,,
,,,,,,,,CC-001,ACC-002,AFML-010,ACOM-014,,DREQ-025,,,,,
,,,,,,,,CC-001,ACC-002,AFML-010,ACOM-014,,,EREQ-015,,,,
,,,,,,,,CC-001,ACC-002,AFML-010,ACOM-014,,,EREQ-016,,,,
,,,,,,,,CC-001,ACC-002,AFML-011,ACOM-015,CREQ-096,,,,,,
,,,,,,,,CC-001,ACC-002,AFML-011,ACOM-015,CREQ-097,,,,,,
,,,,,,,,CC-001,ACC-002,AFML-011,ACOM-015,CREQ-098,,,,,,
,,,,,,,,CC-001,ACC-002,AFML-011,ACOM-015,CREQ-099,,,,,,
,,,,,,,,CC-001,ACC-002,AFML-011,ACOM-015,CREQ-100,,,,,,
,,,,,,,,CC-001,ACC-002,AFML-011,ACOM-015,CREQ-101,,,,,,
,,,,,,,,CC-001,ACC-002,AFML-011,ACOM-015,CREQ-102,,,,,,
,,,,,,,,CC-001,ACC-002,AFML-011,ACOM-015,CREQ-103,,,,,,
,,,,,,,,CC-001,ACC-002,AFML-011,ACOM-015,CREQ-104,,,,,,
,,,,,,,,CC-001,ACC-002,AFML-011,ACOM-015,CREQ-105,,,,,,
,,,,,,,,CC-001,ACC-002,AFML-011,ACOM-015,,DREQ-026,,,,,
,,,,,,,,CC-001,ACC-002,AFML-011,ACOM-015,,DREQ-027,,,,,
,,,,,,,,CC-001,ACC-002,AFML-011,ACOM-015,,,EREQ-017,,,,
,,,,,,,,CC-001,ACC-002,AFML-011,ACOM-016,CREQ-106,,,,,,
,,,,,,,,CC-001,ACC-002,AFML-011,ACOM-016,CREQ-107,,,,,,
,,,,,,,,CC-001,ACC-002,AFML-011,ACOM-016,CREQ-108,,,,,,
,,,,,,,,CC-001,ACC-002,AFML-011,ACOM-016,CREQ-109,,,,,,
,,,,,,,,CC-001,ACC-002,AFML-011,ACOM-016,CREQ-110,,,,,,
,,,,,,,,CC-001,ACC-002,AFML-011,ACOM-016,CREQ-111,,,,,,
,,,,,,,,CC-001,ACC-002,AFML-011,ACOM-016,CREQ-112,,,,,,
,,,,,,,,CC-001,ACC-002,AFML-011,ACOM-016,CREQ-113,,,,,,
,,,,,,,,CC-001,ACC-002,AFML-011,ACOM-016,CREQ-114,,,,,,
,,,,,,,,CC-001,ACC-002,AFML-011,ACOM-016,,DREQ-028,,,,,
,,,,,,,,CC-001,ACC-002,AFML-011,ACOM-016,,DREQ-029,,,,,
,,,,,,,,CC-001,ACC-002,AFML-011,ACOM-016,,,EREQ-018,,,,
,,,,,,,,CC-001,ACC-002,AFML-012,ACOM-017,CREQ-115,,,,,,
,,,,,,,,CC-001,ACC-002,AFML-012,ACOM-017,CREQ-116,,,,,,
,,,,,,,,CC-001,ACC-002,AFML-012,ACOM-017,CREQ-117,,,,,,
,,,,,,,,CC-001,ACC-002,AFML-012,ACOM-017,CREQ-118,,,,,,
,,,,,,,,CC-001,ACC-002,AFML-012,ACOM-017,CREQ-119,,,,,,
,,,,,,,,CC-001,ACC-002,AFML-012,ACOM-017,CREQ-120,,,,,,
,,,,,,,,CC-001,ACC-002,AFML-012,ACOM-017,CREQ-121,,,,,,
,,,,,,,,CC-001,ACC-002,AFML-012,ACOM-017,,DREQ-030,,,,,
,,,,,,,,CC-001,ACC-002,AFML-012,ACOM-017,,DREQ-031,,,,,
,,,,,,,,CC-001,ACC-002,AFML-012,ACOM-017,,,EREQ-019,,,,
,,,,,,,,CC-001,ACC-002,AFML-013,ACOM-018,CREQ-122,,,,,,
,,,,,,,,CC-001,ACC-002,AFML-013,ACOM-018,CREQ-123,,,,,,
,,,,,,,,CC-001,ACC-002,AFML-013,ACOM-018,CREQ-124,,,,,,
,,,,,,,,CC-001,ACC-002,AFML-013,ACOM-018,CREQ-125,,,,,,
,,,,,,,,CC-001,ACC-002,AFML-013,ACOM-018,CREQ-126,,,,,,
,,,,,,,,CC-001,ACC-002,AFML-013,ACOM-018,CREQ-127,,,,,,
,,,,,,,,CC-001,ACC-002,AFML-013,ACOM-018,CREQ-128,,,,,,
,,,,,,,,CC-001,ACC-002,AFML-013,ACOM-018,CREQ-129,,,,,,
,,,,,,,,CC-001,ACC-002,AFML-013,ACOM-018,CREQ-130,,,,,,
,,,,,,,,CC-001,ACC-002,AFML-013,ACOM-018,CREQ-131,,,,,,
,,,,,,,,CC-001,ACC-002,AFML-013,ACOM-018,CREQ-132,,,,,,
,,,,,,,,CC-001,ACC-002,AFML-013,ACOM-018,CREQ-133,,,,,,
,,,,,,,,CC-001,ACC-002,AFML-013,ACOM-018,CREQ-134,,,,,,
,,,,,,,,CC-001,ACC-002,AFML-013,ACOM-018,CREQ-135,,,,,,
,,,,,,,,CC-001,ACC-002,AFML-013,ACOM-018,CREQ-136,,,,,,
,,,,,,,,CC-001,ACC-002,AFML-013,ACOM-018,CREQ-137,,,,,,
,,,,,,,,CC-001,ACC-002,AFML-013,ACOM-018,CREQ-138,,,,,,
,,,,,,,,CC-001,ACC-002,AFML-013,ACOM-018,CREQ-139,,,,,,
,,,,,,,,CC-001,ACC-002,AFML-013,ACOM-018,CREQ-140,,,,,,
,,,,,,,,CC-001,ACC-002,AFML-013,ACOM-018,CREQ-141,,,,,,
,,,,,,,,CC-001,ACC-002,AFML-013,ACOM-018,CREQ-142,,,,,,
,,,,,,,,CC-001,ACC-002,AFML-013,ACOM-018,,DREQ-032,,,,,
,,,,,,,,CC-001,ACC-002,AFML-013,ACOM-018,,DREQ-033,,,,,
,,,,,,,,CC-001,ACC-002,AFML-013,ACOM-018,,DREQ-034,,,,,
,,,,,,,,CC-001,ACC-002,AFML-013,ACOM-018,,DREQ-035,,,,,
,,,,,,,,CC-001,ACC-002,AFML-013,ACOM-018,,DREQ-036,,,,,
,,,,,,,,CC-001,ACC-002,AFML-013,ACOM-018,,DREQ-037,,,,,
,,,,,,,,CC-001,ACC-002,AFML-013,ACOM-018,,DREQ-038,,,,,
,,,,,,,,CC-001,ACC-002,AFML-013,ACOM-018,,DREQ-039,,,,,
,,,,,,,,CC-001,ACC-002,AFML-013,ACOM-018,,,EREQ-020,,,,
,,,,,,,,CC-001,ACC-002,AFML-013,ACOM-018,,,EREQ-021,,,,
,,,,,,,,CC-001,ACC-003,AFML-014,ACOM-019,CREQ-143,,,,,,
,,,,,,,,CC-001,ACC-003,AFML-014,ACOM-019,CREQ-144,,,,,,
,,,,,,,,CC-001,ACC-003,AFML-014,ACOM-019,CREQ-145,,,,,,
,,,,,,,,CC-001,ACC-003,AFML-014,ACOM-019,CREQ-146,,,,,,
,,,,,,,,CC-001,ACC-003,AFML-014,ACOM-019,CREQ-147,,,,,,
,,,,,,,,CC-001,ACC-003,AFML-014,ACOM-019,CREQ-148,,,,,,
,,,,,,,,CC-001,ACC-003,AFML-014,ACOM-019,CREQ-149,,,,,,
,,,,,,,,CC-001,ACC-003,AFML-014,ACOM-019,CREQ-150,,,,,,
,,,,,,,,CC-001,ACC-003,AFML-014,ACOM-019,CREQ-151,,,,,,
,,,,,,,,CC-001,ACC-003,AFML-014,ACOM-019,,DREQ-040,,,,,
,,,,,,,,CC-001,ACC-003,AFML-014,ACOM-019,,,EREQ-022,,,,
,,,,,,,,CC-001,ACC-003,AFML-014,ACOM-019,,,EREQ-023,,,,
,,,,,,,,CC-001,ACC-003,AFML-015,ACOM-020,CREQ-152,,,,,,
,,,,,,,,CC-001,ACC-003,AFML-015,ACOM-020,CREQ-153,,,,,,
,,,,,,,,CC-001,ACC-003,AFML-015,ACOM-020,CREQ-154,,,,,,
,,,,,,,,CC-001,ACC-003,AFML-015,ACOM-020,CREQ-155,,,,,,
,,,,,,,,CC-001,ACC-003,AFML-015,ACOM-020,CREQ-156,,,,,,
,,,,,,,,CC-001,ACC-003,AFML-015,ACOM-020,CREQ-157,,,,,,
,,,,,,,,CC-001,ACC-003,AFML-015,ACOM-020,CREQ-158,,,,,,
,,,,,,,,CC-001,ACC-003,AFML-015,ACOM-020,CREQ-159,,,,,,
,,,,,,,,CC-001,ACC-003,AFML-015,ACOM-020,CREQ-160,,,,,,
,,,,,,,,CC-001,ACC-003,AFML-015,ACOM-020,CREQ-161,,,,,,
,,,,,,,,CC-001,ACC-003,AFML-015,ACOM-020,CREQ-162,,,,,,
,,,,,,,,CC-001,ACC-003,AFML-015,ACOM-020,CREQ-163,,,,,,
,,,,,,,,CC-001,ACC-003,AFML-015,ACOM-020,CREQ-164,,,,,,
,,,,,,,,CC-001,ACC-003,AFML-015,ACOM-020,,DREQ-041,,,,,
,,,,,,,,CC-001,ACC-003,AFML-015,ACOM-020,,DREQ-042,,,,,
,,,,,,,,CC-001,ACC-003,AFML-015,ACOM-020,,,EREQ-024,,,,
,,,,,,,,CC-001,ACC-003,AFML-016,ACOM-021,CREQ-165,,,,,,
,,,,,,,,CC-001,ACC-003,AFML-016,ACOM-021,CREQ-166,,,,,,
,,,,,,,,CC-001,ACC-003,AFML-016,ACOM-021,CREQ-167,,,,,,
,,,,,,,,CC-001,ACC-003,AFML-016,ACOM-021,CREQ-168,,,,,,
,,,,,,,,CC-001,ACC-003,AFML-016,ACOM-021,,DREQ-043,,,,,
,,,,,,,,CC-001,ACC-003,AFML-016,ACOM-021,,,EREQ-025,,,,
,,,,,,,,CC-001,ACC-003,AFML-017,ACOM-022,CREQ-169,,,,,,
,,,,,,,,CC-001,ACC-003,AFML-017,ACOM-022,CREQ-170,,,,,,
,,,,,,,,CC-001,ACC-003,AFML-017,ACOM-022,CREQ-171,,,,,,
,,,,,,,,CC-001,ACC-003,AFML-017,ACOM-022,,DREQ-044,,,,,
,,,,,,,,CC-001,ACC-003,AFML-017,ACOM-022,,DREQ-045,,,,,
,,,,,,,,CC-001,ACC-003,AFML-017,ACOM-022,,,EREQ-026,,,,
,,,,,,,,CC-001,ACC-003,AFML-017,ACOM-023,CREQ-172,,,,,,
,,,,,,,,CC-001,ACC-003,AFML-017,ACOM-023,CREQ-173,,,,,,
,,,,,,,,CC-001,ACC-003,AFML-017,ACOM-023,CREQ-174,,,,,,
,,,,,,,,CC-001,ACC-003,AFML-017,ACOM-023,CREQ-175,,,,,,
,,,,,,,,CC-001,ACC-003,AFML-017,ACOM-023,CREQ-176,,,,,,
,,,,,,,,CC-001,ACC-003,AFML-017,ACOM-023,CREQ-177,,,,,,
,,,,,,,,CC-001,ACC-003,AFML-017,ACOM-023,,DREQ-046,,,,,
,,,,,,,,CC-001,ACC-003,AFML-017,ACOM-023,,DREQ-047,,,,,
,,,,,,,,CC-001,ACC-003,AFML-017,ACOM-023,,,EREQ-027,,,,
,,,,,,,,CC-001,ACC-003,AFML-018,ACOM-024,CREQ-178,,,,,,
,,,,,,,,CC-001,ACC-003,AFML-018,ACOM-024,CREQ-179,,,,,,
,,,,,,,,CC-001,ACC-003,AFML-018,ACOM-024,CREQ-180,,,,,,
,,,,,,,,CC-001,ACC-003,AFML-018,ACOM-024,CREQ-181,,,,,,
,,,,,,,,CC-001,ACC-003,AFML-018,ACOM-024,CREQ-182,,,,,,
,,,,,,,,CC-001,ACC-003,AFML-018,ACOM-024,,DREQ-048,,,,,
,,,,,,,,CC-001,ACC-003,AFML-018,ACOM-024,,DREQ-049,,,,,
,,,,,,,,CC-001,ACC-003,AFML-018,ACOM-024,,,EREQ-028,,,,
,,,,,,,,CC-001,ACC-003,AFML-018,ACOM-024,,,EREQ-029,,,,
,,,,,,,,CC-001,ACC-003,AFML-019,ACOM-025,CREQ-183,,,,,,
,,,,,,,,CC-001,ACC-003,AFML-019,ACOM-025,CREQ-184,,,,,,
,,,,,,,,CC-001,ACC-003,AFML-019,ACOM-025,CREQ-185,,,,,,
,,,,,,,,CC-001,ACC-003,AFML-019,ACOM-025,CREQ-186,,,,,,
,,,,,,,,CC-001,ACC-003,AFML-019,ACOM-025,CREQ-187,,,,,,
,,,,,,,,CC-001,ACC-003,AFML-019,ACOM-025,CREQ-188,,,,,,
,,,,,,,,CC-001,ACC-003,AFML-019,ACOM-025,CREQ-189,,,,,,
,,,,,,,,CC-001,ACC-003,AFML-019,ACOM-025,CREQ-190,,,,,,
,,,,,,,,CC-001,ACC-003,AFML-019,ACOM-025,CREQ-191,,,,,,
,,,,,,,,CC-001,ACC-003,AFML-019,ACOM-025,CREQ-192,,,,,,
,,,,,,,,CC-001,ACC-003,AFML-019,ACOM-025,CREQ-193,,,,,,
,,,,,,,,CC-001,ACC-003,AFML-019,ACOM-025,CREQ-194,,,,,,
,,,,,,,,CC-001,ACC-003,AFML-019,ACOM-025,,DREQ-050,,,,,
,,,,,,,,CC-001,ACC-003,AFML-019,ACOM-025,,DREQ-051,,,,,
,,,,,,,,CC-001,ACC-003,AFML-019,ACOM-025,,,EREQ-030,,,,
,,,,,,,,CC-001,ACC-003,AFML-019,ACOM-026,CREQ-195,,,,,,
,,,,,,,,CC-001,ACC-003,AFML-019,ACOM-026,CREQ-196,,,,,,
,,,,,,,,CC-001,ACC-003,AFML-019,ACOM-026,CREQ-197,,,,,,
,,,,,,,,CC-001,ACC-003,AFML-019,ACOM-026,CREQ-198,,,,,,
,,,,,,,,CC-001,ACC-003,AFML-019,ACOM-026,CREQ-199,,,,,,
,,,,,,,,CC-001,ACC-003,AFML-019,ACOM-026,CREQ-200,,,,,,
,,,,,,,,CC-001,ACC-003,AFML-019,ACOM-026,CREQ-201,,,,,,
,,,,,,,,CC-001,ACC-003,AFML-019,ACOM-026,CREQ-202,,,,,,
,,,,,,,,CC-001,ACC-003,AFML-019,ACOM-026,CREQ-203,,,,,,
,,,,,,,,CC-001,ACC-003,AFML-019,ACOM-026,CREQ-204,,,,,,
,,,,,,,,CC-001,ACC-003,AFML-019,ACOM-026,CREQ-205,,,,,,
,,,,,,,,CC-001,ACC-003,AFML-019,ACOM-026,,DREQ-052,,,,,
,,,,,,,,CC-001,ACC-003,AFML-019,ACOM-026,,DREQ-053,,,,,
,,,,,,,,CC-001,ACC-003,AFML-019,ACOM-026,,,EREQ-031,,,,
,,,,,,,,CC-001,ACC-003,AFML-020,ACOM-027,CREQ-206,,,,,,
,,,,,,,,CC-001,ACC-003,AFML-020,ACOM-027,,DREQ-054,,,,,
,,,,,,,,CC-001,ACC-003,AFML-020,ACOM-027,,,EREQ-032,,,,
,,,,,,,,CC-001,ACC-003,AFML-020,ACOM-027,,,EREQ-033,,,,
,,,,,,,,CC-001,ACC-003,AFML-020,ACOM-028,CREQ-207,,,,,,
,,,,,,,,CC-001,ACC-003,AFML-020,ACOM-028,CREQ-208,,,,,,
,,,,,,,,CC-001,ACC-003,AFML-020,ACOM-028,CREQ-209,,,,,,
,,,,,,,,CC-001,ACC-003,AFML-020,ACOM-028,,DREQ-055,,,,,
,,,,,,,,CC-001,ACC-003,AFML-020,ACOM-028,,,EREQ-034,,,,
,,,,,,,,CC-001,ACC-003,AFML-020,ACOM-028,,,EREQ-035,,,,
,,,,,,,,CC-001,ACC-003,AFML-021,ACOM-029,CREQ-210,,,,,,
,,,,,,,,CC-001,ACC-003,AFML-021,ACOM-029,CREQ-211,,,,,,
,,,,,,,,CC-001,ACC-003,AFML-021,ACOM-029,,DREQ-056,,,,,
,,,,,,,,CC-001,ACC-003,AFML-021,ACOM-029,,,EREQ-036,,,,
,,,,,,,,CC-001,ACC-004,AFML-022,ACOM-030,CREQ-212,,,,,,
,,,,,,,,CC-001,ACC-004,AFML-022,ACOM-030,CREQ-213,,,,,,
,,,,,,,,CC-001,ACC-004,AFML-022,ACOM-030,CREQ-214,,,,,,
,,,,,,,,CC-001,ACC-004,AFML-022,ACOM-030,CREQ-215,,,,,,
,,,,,,,,CC-001,ACC-004,AFML-022,ACOM-030,CREQ-216,,,,,,
,,,,,,,,CC-001,ACC-004,AFML-022,ACOM-030,,DREQ-057,,,,,
,,,,,,,,CC-001,ACC-004,AFML-022,ACOM-030,,DREQ-058,,,,,
,,,,,,,,CC-001,ACC-004,AFML-022,ACOM-030,,DREQ-059,,,,,
,,,,,,,,CC-001,ACC-004,AFML-022,ACOM-030,,,EREQ-037,,,,
,,,,,,,,CC-001,ACC-004,AFML-023,ACOM-031,CREQ-217,,,,,,
,,,,,,,,CC-001,ACC-004,AFML-023,ACOM-031,CREQ-218,,,,,,
,,,,,,,,CC-001,ACC-004,AFML-023,ACOM-031,CREQ-219,,,,,,
,,,,,,,,CC-001,ACC-004,AFML-023,ACOM-031,CREQ-220,,,,,,
,,,,,,,,CC-001,ACC-004,AFML-023,ACOM-031,,DREQ-060,,,,,
,,,,,,,,CC-001,ACC-004,AFML-023,ACOM-031,,DREQ-061,,,,,
,,,,,,,,CC-001,ACC-004,AFML-023,ACOM-031,,,EREQ-038,,,,
,,,,,,,,CC-001,ACC-004,AFML-023,ACOM-031,,,EREQ-039,,,,
,,,,,,,,CC-001,ACC-004,AFML-023,ACOM-032,CREQ-221,,,,,,
,,,,,,,,CC-001,ACC-004,AFML-023,ACOM-032,CREQ-222,,,,,,
,,,,,,,,CC-001,ACC-004,AFML-023,ACOM-032,CREQ-223,,,,,,
,,,,,,,,CC-001,ACC-004,AFML-023,ACOM-032,CREQ-224,,,,,,
,,,,,,,,CC-001,ACC-004,AFML-023,ACOM-032,CREQ-225,,,,,,
,,,,,,,,CC-001,ACC-004,AFML-023,ACOM-032,CREQ-226,,,,,,
,,,,,,,,CC-001,ACC-004,AFML-023,ACOM-032,,DREQ-062,,,,,
,,,,,,,,CC-001,ACC-004,AFML-023,ACOM-032,,DREQ-063,,,,,
,,,,,,,,CC-001,ACC-004,AFML-023,ACOM-032,,,EREQ-040,,,,
,,,,,,,,CC-001,ACC-004,AFML-023,ACOM-032,,,EREQ-041,,,,
,,,,,,,,CC-001,ACC-004,AFML-023,ACOM-033,CREQ-227,,,,,,
,,,,,,,,CC-001,ACC-004,AFML-023,ACOM-033,CREQ-228,,,,,,
,,,,,,,,CC-001,ACC-004,AFML-023,ACOM-033,CREQ-229,,,,,,
,,,,,,,,CC-001,ACC-004,AFML-023,ACOM-033,CREQ-230,,,,,,
,,,,,,,,CC-001,ACC-004,AFML-023,ACOM-033,CREQ-231,,,,,,
,,,,,,,,CC-001,ACC-004,AFML-023,ACOM-033,CREQ-232,,,,,,
,,,,,,,,CC-001,ACC-004,AFML-023,ACOM-033,CREQ-233,,,,,,
,,,,,,,,CC-001,ACC-004,AFML-023,ACOM-033,,DREQ-064,,,,,
,,,,,,,,CC-001,ACC-004,AFML-023,ACOM-033,,DREQ-065,,,,,
,,,,,,,,CC-001,ACC-004,AFML-023,ACOM-033,,,EREQ-042,,,,
,,,,,,,,CC-001,ACC-004,AFML-023,ACOM-033,,,EREQ-043,,,,
,,,,,,,,CC-001,ACC-004,AFML-023,ACOM-034,CREQ-234,,,,,,
,,,,,,,,CC-001,ACC-004,AFML-023,ACOM-034,CREQ-235,,,,,,
,,,,,,,,CC-001,ACC-004,AFML-023,ACOM-034,CREQ-236,,,,,,
,,,,,,,,CC-001,ACC-004,AFML-023,ACOM-034,CREQ-237,,,,,,
,,,,,,,,CC-001,ACC-004,AFML-023,ACOM-034,CREQ-238,,,,,,
,,,,,,,,CC-001,ACC-004,AFML-023,ACOM-034,CREQ-239,,,,,,
,,,,,,,,CC-001,ACC-004,AFML-023,ACOM-034,,DREQ-066,,,,,
,,,,,,,,CC-001,ACC-004,AFML-023,ACOM-034,,DREQ-067,,,,,
,,,,,,,,CC-001,ACC-004,AFML-023,ACOM-034,,,EREQ-044,,,,
,,,,,,,,CC-001,ACC-004,AFML-023,ACOM-034,,,EREQ-045,,,,
,,,,,,,,CC-001,ACC-004,AFML-023,ACOM-035,CREQ-240,,,,,,
,,,,,,,,CC-001,ACC-004,AFML-023,ACOM-035,CREQ-241,,,,,,
,,,,,,,,CC-001,ACC-004,AFML-023,ACOM-035,CREQ-242,,,,,,
,,,,,,,,CC-001,ACC-004,AFML-023,ACOM-035,CREQ-243,,,,,,
,,,,,,,,CC-001,ACC-004,AFML-023,ACOM-035,CREQ-244,,,,,,
,,,,,,,,CC-001,ACC-004,AFML-023,ACOM-035,CREQ-245,,,,,,
,,,,,,,,CC-001,ACC-004,AFML-023,ACOM-035,CREQ-246,,,,,,
,,,,,,,,CC-001,ACC-004,AFML-023,ACOM-035,CREQ-247,,,,,,
,,,,,,,,CC-001,ACC-004,AFML-023,ACOM-035,CREQ-248,,,,,,
,,,,,,,,CC-001,ACC-004,AFML-023,ACOM-035,,DREQ-068,,,,,
,,,,,,,,CC-001,ACC-004,AFML-023,ACOM-035,,DREQ-069,,,,,
,,,,,,,,CC-001,ACC-004,AFML-023,ACOM-035,,,EREQ-046,,,,
,,,,,,,,CC-001,ACC-004,AFML-023,ACOM-035,,,EREQ-047,,,,
,,,,,,,,CC-001,ACC-004,AFML-023,ACOM-036,CREQ-249,,,,,,
,,,,,,,,CC-001,ACC-004,AFML-023,ACOM-036,CREQ-250,,,,,,
,,,,,,,,CC-001,ACC-004,AFML-023,ACOM-036,CREQ-251,,,,,,
,,,,,,,,CC-001,ACC-004,AFML-023,ACOM-036,CREQ-252,,,,,,
,,,,,,,,CC-001,ACC-004,AFML-023,ACOM-036,CREQ-253,,,,,,
,,,,,,,,CC-001,ACC-004,AFML-023,ACOM-036,CREQ-254,,,,,,
,,,,,,,,CC-001,ACC-004,AFML-023,ACOM-036,CREQ-255,,,,,,
,,,,,,,,CC-001,ACC-004,AFML-023,ACOM-036,CREQ-256,,,,,,
,,,,,,,,CC-001,ACC-004,AFML-023,ACOM-036,CREQ-257,,,,,,
,,,,,,,,CC-001,ACC-004,AFML-023,ACOM-036,CREQ-258,,,,,,
,,,,,,,,CC-001,ACC-004,AFML-023,ACOM-036,,DREQ-070,,,,,
,,,,,,,,CC-001,ACC-004,AFML-023,ACOM-036,,DREQ-071,,,,,
,,,,,,,,CC-001,ACC-004,AFML-023,ACOM-036,,DREQ-072,,,,,
,,,,,,,,CC-001,ACC-004,AFML-023,ACOM-036,,,EREQ-048,,,,
,,,,,,,,CC-001,ACC-004,AFML-023,ACOM-036,,,EREQ-049,,,,
,,,,,,,,CC-001,ACC-004,AFML-024,ACOM-037,CREQ-259,,,,,,
,,,,,,,,CC-001,ACC-004,AFML-024,ACOM-037,CREQ-260,,,,,,
,,,,,,,,CC-001,ACC-004,AFML-024,ACOM-037,CREQ-261,,,,,,
,,,,,,,,CC-001,ACC-004,AFML-024,ACOM-037,,DREQ-073,,,,,
,,,,,,,,CC-001,ACC-004,AFML-024,ACOM-037,,DREQ-074,,,,,
,,,,,,,,CC-001,ACC-004,AFML-024,ACOM-037,,,EREQ-050,,,,
,,,,,,,,CC-001,ACC-004,AFML-024,ACOM-038,CREQ-262,,,,,,
,,,,,,,,CC-001,ACC-004,AFML-024,ACOM-038,CREQ-263,,,,,,
,,,,,,,,CC-001,ACC-004,AFML-024,ACOM-038,CREQ-264,,,,,,
,,,,,,,,CC-001,ACC-004,AFML-024,ACOM-038,,DREQ-075,,,,,
,,,,,,,,CC-001,ACC-004,AFML-024,ACOM-038,,DREQ-076,,,,,
,,,,,,,,CC-001,ACC-004,AFML-024,ACOM-038,,,EREQ-051,,,,
,,,,,,,,CC-001,ACC-004,AFML-026,ACOM-042,CREQ-271,,,,,,
,,,,,,,,CC-001,ACC-004,AFML-026,ACOM-042,CREQ-272,,,,,,
,,,,,,,,CC-001,ACC-004,AFML-026,ACOM-042,CREQ-273,,,,,,
,,,,,,,,CC-001,ACC-004,AFML-026,ACOM-042,CREQ-274,,,,,,
,,,,,,,,CC-001,ACC-004,AFML-026,ACOM-042,CREQ-275,,,,,,
,,,,,,,,CC-001,ACC-004,AFML-026,ACOM-042,CREQ-276,,,,,,
,,,,,,,,CC-001,ACC-004,AFML-026,ACOM-042,CREQ-277,,,,,,
,,,,,,,,CC-001,ACC-004,AFML-026,ACOM-042,CREQ-278,,,,,,
,,,,,,,,CC-001,ACC-004,AFML-026,ACOM-042,CREQ-279,,,,,,
,,,,,,,,CC-001,ACC-004,AFML-026,ACOM-042,,DREQ-083,,,,,
,,,,,,,,CC-001,ACC-004,AFML-026,ACOM-042,,DREQ-084,,,,,
,,,,,,,,CC-001,ACC-004,AFML-026,ACOM-042,,DREQ-085,,,,,
,,,,,,,,CC-001,ACC-004,AFML-026,ACOM-042,,DREQ-086,,,,,
,,,,,,,,CC-001,ACC-004,AFML-026,ACOM-042,,DREQ-087,,,,,
,,,,,,,,CC-001,ACC-004,AFML-026,ACOM-042,,DREQ-088,,,,,
,,,,,,,,CC-001,ACC-004,AFML-026,ACOM-042,,,EREQ-058,,,,
,,,,,,,,CC-001,ACC-004,AFML-027,ACOM-043,CREQ-280,,,,,,
,,,,,,,,CC-001,ACC-004,AFML-027,ACOM-043,CREQ-281,,,,,,
,,,,,,,,CC-001,ACC-004,AFML-027,ACOM-043,CREQ-282,,,,,,
,,,,,,,,CC-001,ACC-004,AFML-027,ACOM-043,CREQ-283,,,,,,
,,,,,,,,CC-001,ACC-004,AFML-027,ACOM-043,CREQ-284,,,,,,
,,,,,,,,CC-001,ACC-004,AFML-027,ACOM-043,CREQ-285,,,,,,
,,,,,,,,CC-001,ACC-004,AFML-027,ACOM-043,,DREQ-089,,,,,
,,,,,,,,CC-001,ACC-004,AFML-027,ACOM-043,,DREQ-090,,,,,
,,,,,,,,CC-001,ACC-004,AFML-027,ACOM-043,,,EREQ-059,,,,
,,,,,,,,CC-001,ACC-004,AFML-027,ACOM-043,,,EREQ-060,,,,
,,,,,,,,CC-001,ACC-004,AFML-027,ACOM-044,CREQ-286,,,,,,
,,,,,,,,CC-001,ACC-004,AFML-027,ACOM-044,CREQ-287,,,,,,
,,,,,,,,CC-001,ACC-004,AFML-027,ACOM-044,CREQ-288,,,,,,
,,,,,,,,CC-001,ACC-004,AFML-027,ACOM-044,CREQ-289,,,,,,
,,,,,,,,CC-001,ACC-004,AFML-027,ACOM-044,CREQ-290,,,,,,
,,,,,,,,CC-001,ACC-004,AFML-027,ACOM-044,CREQ-291,,,,,,
,,,,,,,,CC-001,ACC-004,AFML-027,ACOM-044,CREQ-292,,,,,,
,,,,,,,,CC-001,ACC-004,AFML-027,ACOM-044,CREQ-293,,,,,,
,,,,,,,,CC-001,ACC-004,AFML-027,ACOM-044,,DREQ-091,,,,,
,,,,,,,,CC-001,ACC-004,AFML-027,ACOM-044,,DREQ-092,,,,,
,,,,,,,,CC-001,ACC-004,AFML-027,ACOM-044,,,EREQ-061,,,,
,,,,,,,,CC-001,ACC-004,AFML-027,ACOM-044,,,EREQ-062,,,,
,,,,,,,,CC-001,ACC-004,AFML-027,ACOM-045,CREQ-294,,,,,,
,,,,,,,,CC-001,ACC-004,AFML-027,ACOM-045,CREQ-295,,,,,,
,,,,,,,,CC-001,ACC-004,AFML-027,ACOM-045,CREQ-296,,,,,,
,,,,,,,,CC-001,ACC-004,AFML-027,ACOM-045,CREQ-297,,,,,,
,,,,,,,,CC-001,ACC-004,AFML-027,ACOM-045,CREQ-298,,,,,,
,,,,,,,,CC-001,ACC-004,AFML-027,ACOM-045,CREQ-299,,,,,,
,,,,,,,,CC-001,ACC-004,AFML-027,ACOM-045,CREQ-300,,,,,,
,,,,,,,,CC-001,ACC-004,AFML-027,ACOM-045,CREQ-301,,,,,,
,,,,,,,,CC-001,ACC-004,AFML-027,ACOM-045,CREQ-302,,,,,,
,,,,,,,,CC-001,ACC-004,AFML-027,ACOM-045,CREQ-303,,,,,,
,,,,,,,,CC-001,ACC-004,AFML-027,ACOM-045,,DREQ-093,,,,,
,,,,,,,,CC-001,ACC-004,AFML-027,ACOM-045,,DREQ-094,,,,,
,,,,,,,,CC-001,ACC-004,AFML-027,ACOM-045,,,EREQ-063,,,,
,,,,,,,,CC-001,ACC-004,AFML-027,ACOM-045,,,EREQ-064,,,,
,,,,,,,,CC-001,ACC-004,AFML-027,ACOM-046,CREQ-304,,,,,,
,,,,,,,,CC-001,ACC-004,AFML-027,ACOM-046,CREQ-305,,,,,,
,,,,,,,,CC-001,ACC-004,AFML-027,ACOM-046,CREQ-306,,,,,,
,,,,,,,,CC-001,ACC-004,AFML-027,ACOM-046,CREQ-307,,,,,,
,,,,,,,,CC-001,ACC-004,AFML-027,ACOM-046,CREQ-308,,,,,,
,,,,,,,,CC-001,ACC-004,AFML-027,ACOM-046,CREQ-309,,,,,,
,,,,,,,,CC-001,ACC-004,AFML-027,ACOM-046,CREQ-310,,,,,,
,,,,,,,,CC-001,ACC-004,AFML-027,ACOM-046,CREQ-311,,,,,,
,,,,,,,,CC-001,ACC-004,AFML-027,ACOM-046,CREQ-312,,,,,,
,,,,,,,,CC-001,ACC-004,AFML-027,ACOM-046,CREQ-313,,,,,,
,,,,,,,,CC-001,ACC-004,AFML-027,ACOM-046,,DREQ-095,,,,,
,,,,,,,,CC-001,ACC-004,AFML-027,ACOM-046,,DREQ-096,,,,,
,,,,,,,,CC-001,ACC-004,AFML-027,ACOM-046,,,EREQ-065,,,,
,,,,,,,,CC-001,ACC-004,AFML-027,ACOM-046,,,EREQ-066,,,,
,,,,,,,,CC-001,ACC-004,AFML-027,ACOM-047,CREQ-314,,,,,,
,,,,,,,,CC-001,ACC-004,AFML-027,ACOM-047,CREQ-315,,,,,,
,,,,,,,,CC-001,ACC-004,AFML-027,ACOM-047,CREQ-316,,,,,,
,,,,,,,,CC-001,ACC-004,AFML-027,ACOM-047,CREQ-317,,,,,,
,,,,,,,,CC-001,ACC-004,AFML-027,ACOM-047,CREQ-318,,,,,,
,,,,,,,,CC-001,ACC-004,AFML-027,ACOM-047,CREQ-319,,,,,,
,,,,,,,,CC-001,ACC-004,AFML-027,ACOM-047,CREQ-320,,,,,,
,,,,,,,,CC-001,ACC-004,AFML-027,ACOM-047,CREQ-321,,,,,,
,,,,,,,,CC-001,ACC-004,AFML-027,ACOM-047,,DREQ-097,,,,,
,,,,,,,,CC-001,ACC-004,AFML-027,ACOM-047,,DREQ-098,,,,,
,,,,,,,,CC-001,ACC-004,AFML-027,ACOM-047,,,EREQ-067,,,,
,,,,,,,,CC-001,ACC-004,AFML-027,ACOM-047,,,EREQ-068,,,,
,,,,,,,,CC-001,ACC-004,AFML-027,ACOM-048,CREQ-322,,,,,,
,,,,,,,,CC-001,ACC-004,AFML-027,ACOM-048,CREQ-323,,,,,,
,,,,,,,,CC-001,ACC-004,AFML-027,ACOM-048,CREQ-324,,,,,,
,,,,,,,,CC-001,ACC-004,AFML-027,ACOM-048,CREQ-325,,,,,,
,,,,,,,,CC-001,ACC-004,AFML-027,ACOM-048,CREQ-326,,,,,,
,,,,,,,,CC-001,ACC-004,AFML-027,ACOM-048,CREQ-327,,,,,,
,,,,,,,,CC-001,ACC-004,AFML-027,ACOM-048,CREQ-328,,,,,,
,,,,,,,,CC-001,ACC-004,AFML-027,ACOM-048,CREQ-329,,,,,,
,,,,,,,,CC-001,ACC-004,AFML-027,ACOM-048,CREQ-330,,,,,,
,,,,,,,,CC-001,ACC-004,AFML-027,ACOM-048,CREQ-331,,,,,,
,,,,,,,,CC-001,ACC-004,AFML-027,ACOM-048,,DREQ-099,,,,,
,,,,,,,,CC-001,ACC-004,AFML-027,ACOM-048,,DREQ-100,,,,,
,,,,,,,,CC-001,ACC-004,AFML-027,ACOM-048,,DREQ-101,,,,,
,,,,,,,,CC-001,ACC-004,AFML-027,ACOM-048,,DREQ-102,,,,,
,,,,,,,,CC-001,ACC-004,AFML-027,ACOM-048,,,EREQ-069,,,,
,,,,,,,,CC-001,ACC-004,AFML-027,ACOM-048,,,EREQ-070,,,,
,,,,,,,,CC-001,ACC-004,AFML-028,ACOM-049,CREQ-332,,,,,,
,,,,,,,,CC-001,ACC-004,AFML-028,ACOM-049,,DREQ-103,,,,,
,,,,,,,,CC-001,ACC-004,AFML-028,ACOM-049,,,EREQ-071,,,,
,,,,,,,,CC-001,ACC-005,AFML-030,ACOM-051,CREQ-340,,,,,,
,,,,,,,,CC-001,ACC-005,AFML-030,ACOM-051,CREQ-341,,,,,,
,,,,,,,,CC-001,ACC-005,AFML-030,ACOM-051,,DREQ-105,,,,,
,,,,,,,,CC-001,ACC-005,AFML-030,ACOM-051,,,EREQ-073,,,,
,,,,,,,,CC-001,ACC-005,AFML-030,ACOM-051,,,EREQ-074,,,,
,,,,,,,,CC-001,ACC-006,AFML-031,ACOM-052,CREQ-342,,,,,,
,,,,,,,,CC-001,ACC-006,AFML-031,ACOM-052,,DREQ-106,,,,,
,,,,,,,,CC-001,ACC-006,AFML-031,ACOM-052,,,EREQ-075,,,,
,,,,,,,,CC-001,ACC-006,AFML-031,ACOM-053,CREQ-343,,,,,,
,,,,,,,,CC-001,ACC-006,AFML-031,ACOM-053,CREQ-344,,,,,,
,,,,,,,,CC-001,ACC-006,AFML-031,ACOM-053,CREQ-345,,,,,,
,,,,,,,,CC-001,ACC-006,AFML-031,ACOM-053,,DREQ-107,,,,,
,,,,,,,,CC-001,ACC-006,AFML-031,ACOM-053,,DREQ-108,,,,,
,,,,,,,,CC-001,ACC-006,AFML-031,ACOM-053,,DREQ-109,,,,,
,,,,,,,,CC-001,ACC-006,AFML-031,ACOM-053,,,EREQ-076,,,,
,,,,,,,,CC-001,ACC-006,AFML-031,ACOM-054,CREQ-346,,,,,,
,,,,,,,,CC-001,ACC-006,AFML-031,ACOM-054,CREQ-347,,,,,,
,,,,,,,,CC-001,ACC-006,AFML-031,ACOM-054,CREQ-348,,,,,,
,,,,,,,,CC-001,ACC-006,AFML-031,ACOM-054,CREQ-349,,,,,,
,,,,,,,,CC-001,ACC-006,AFML-031,ACOM-054,CREQ-350,,,,,,
,,,,,,,,CC-001,ACC-006,AFML-031,ACOM-054,CREQ-351,,,,,,
,,,,,,,,CC-001,ACC-006,AFML-031,ACOM-054,CREQ-352,,,,,,
,,,,,,,,CC-001,ACC-006,AFML-031,ACOM-054,CREQ-353,,,,,,
,,,,,,,,CC-001,ACC-006,AFML-031,ACOM-054,,DREQ-110,,,,,
,,,,,,,,CC-001,ACC-006,AFML-031,ACOM-054,,DREQ-111,,,,,
,,,,,,,,CC-001,ACC-006,AFML-031,ACOM-054,,DREQ-112,,,,,
,,,,,,,,CC-001,ACC-006,AFML-031,ACOM-054,,,EREQ-077,,,,
,,,,,,,,CC-001,ACC-006,AFML-031,ACOM-055,CREQ-354,,,,,,
,,,,,,,,CC-001,ACC-006,AFML-031,ACOM-055,CREQ-355,,,,,,
,,,,,,,,CC-001,ACC-006,AFML-031,ACOM-055,CREQ-356,,,,,,
,,,,,,,,CC-001,ACC-006,AFML-031,ACOM-055,CREQ-357,,,,,,
,,,,,,,,CC-001,ACC-006,AFML-031,ACOM-055,CREQ-358,,,,,,
,,,,,,,,CC-001,ACC-006,AFML-031,ACOM-055,CREQ-359,,,,,,
,,,,,,,,CC-001,ACC-006,AFML-031,ACOM-055,CREQ-360,,,,,,
,,,,,,,,CC-001,ACC-006,AFML-031,ACOM-055,CREQ-361,,,,,,
,,,,,,,,CC-001,ACC-006,AFML-031,ACOM-055,CREQ-362,,,,,,
,,,,,,,,CC-001,ACC-006,AFML-031,ACOM-055,CREQ-363,,,,,,
,,,,,,,,CC-001,ACC-006,AFML-031,ACOM-055,,DREQ-113,,,,,
,,,,,,,,CC-001,ACC-006,AFML-031,ACOM-055,,DREQ-114,,,,,
,,,,,,,,CC-001,ACC-006,AFML-031,ACOM-055,,DREQ-115,,,,,
,,,,,,,,CC-001,ACC-006,AFML-031,ACOM-055,,,EREQ-078,,,,
,,,,,,,,CC-001,ACC-006,AFML-031,ACOM-056,CREQ-364,,,,,,
,,,,,,,,CC-001,ACC-006,AFML-031,ACOM-056,CREQ-365,,,,,,
,,,,,,,,CC-001,ACC-006,AFML-031,ACOM-056,CREQ-366,,,,,,
,,,,,,,,CC-001,ACC-006,AFML-031,ACOM-056,CREQ-367,,,,,,
,,,,,,,,CC-001,ACC-006,AFML-031,ACOM-056,CREQ-368,,,,,,
,,,,,,,,CC-001,ACC-006,AFML-031,ACOM-056,CREQ-369,,,,,,
,,,,,,,,CC-001,ACC-006,AFML-031,ACOM-056,CREQ-370,,,,,,
,,,,,,,,CC-001,ACC-006,AFML-031,ACOM-056,CREQ-371,,,,,,
,,,,,,,,CC-001,ACC-006,AFML-031,ACOM-056,CREQ-372,,,,,,
,,,,,,,,CC-001,ACC-006,AFML-031,ACOM-056,CREQ-373,,,,,,
,,,,,,,,CC-001,ACC-006,AFML-031,ACOM-056,CREQ-374,,,,,,
,,,,,,,,CC-001,ACC-006,AFML-031,ACOM-056,CREQ-375,,,,,,
,,,,,,,,CC-001,ACC-006,AFML-031,ACOM-056,CREQ-376,,,,,,
,,,,,,,,CC-001,ACC-006,AFML-031,ACOM-056,CREQ-377,,,,,,
,,,,,,,,CC-001,ACC-006,AFML-031,ACOM-056,CREQ-378,,,,,,
,,,,,,,,CC-001,ACC-006,AFML-031,ACOM-056,CREQ-379,,,,,,
,,,,,,,,CC-001,ACC-006,AFML-031,ACOM-056,,DREQ-116,,,,,
,,,,,,,,CC-001,ACC-006,AFML-031,ACOM-056,,DREQ-117,,,,,
,,,,,,,,CC-001,ACC-006,AFML-031,ACOM-056,,DREQ-118,,,,,
,,,,,,,,CC-001,ACC-006,AFML-031,ACOM-056,,,EREQ-079,,,,
,,,,,,,,CC-001,ACC-006,AFML-031,ACOM-056,,,EREQ-080,,,,
,,,,,,,,CC-001,ACC-006,AFML-033,ACOM-062,CREQ-394,,,,,,
,,,,,,,,CC-001,ACC-006,AFML-033,ACOM-062,,DREQ-124,,,,,
,,,,,,,,CC-001,ACC-006,AFML-033,ACOM-062,,DREQ-125,,,,,
,,,,,,,,CC-001,ACC-006,AFML-033,ACOM-062,,,EREQ-086,,,,
,,,,,,,,CC-001,ACC-006,AFML-034,ACOM-063,CREQ-395,,,,,,
,,,,,,,,CC-001,ACC-006,AFML-034,ACOM-063,,DREQ-126,,,,,
,,,,,,,,CC-001,ACC-006,AFML-034,ACOM-063,,,EREQ-087,,,,
,,,,,,,,CC-001,ACC-006,AFML-034,ACOM-063,,,EREQ-088,,,,
,,,,,,,,CC-001,ACC-006,AFML-034,ACOM-064,CREQ-396,,,,,,
,,,,,,,,CC-001,ACC-006,AFML-034,ACOM-064,CREQ-397,,,,,,
,,,,,,,,CC-001,ACC-006,AFML-034,ACOM-064,,DREQ-127,,,,,
,,,,,,,,CC-001,ACC-006,AFML-034,ACOM-064,,,EREQ-089,,,,
,,,,,,,,CC-001,ACC-006,AFML-034,ACOM-064,,,EREQ-090,,,,
,,,,,,,,CC-001,ACC-006,AFML-035,ACOM-065,CREQ-398,,,,,,
,,,,,,,,CC-001,ACC-006,AFML-035,ACOM-065,CREQ-399,,,,,,
,,,,,,,,CC-001,ACC-006,AFML-035,ACOM-065,CREQ-400,,,,,,
,,,,,,,,CC-001,ACC-006,AFML-035,ACOM-065,CREQ-401,,,,,,
,,,,,,,,CC-001,ACC-006,AFML-035,ACOM-065,,DREQ-128,,,,,
,,,,,,,,CC-001,ACC-006,AFML-035,ACOM-065,,,EREQ-091,,,,
,,,,,,,,CC-001,ACC-006,AFML-035,ACOM-066,CREQ-402,,,,,,
,,,,,,,,CC-001,ACC-006,AFML-035,ACOM-066,CREQ-403,,,,,,
,,,,,,,,CC-001,ACC-006,AFML-035,ACOM-066,CREQ-404,,,,,,
,,,,,,,,CC-001,ACC-006,AFML-035,ACOM-066,CREQ-405,,,,,,
,,,,,,,,CC-001,ACC-006,AFML-035,ACOM-066,CREQ-406,,,,,,
,,,,,,,,CC-001,ACC-006,AFML-035,ACOM-066,CREQ-407,,,,,,
,,,,,,,,CC-001,ACC-006,AFML-035,ACOM-066,CREQ-408,,,,,,
,,,,,,,,CC-001,ACC-006,AFML-035,ACOM-066,CREQ-409,,,,,,
,,,,,,,,CC-001,ACC-006,AFML-035,ACOM-066,,DREQ-129,,,,,
,,,,,,,,CC-001,ACC-006,AFML-035,ACOM-066,,DREQ-130,,,,,
,,,,,,,,CC-001,ACC-006,AFML-035,ACOM-066,,DREQ-131,,,,,
,,,,,,,,CC-001,ACC-006,AFML-035,ACOM-066,,,EREQ-092,,,,
,,,,,,,,CC-001,ACC-006,AFML-035,ACOM-067,CREQ-410,,,,,,
,,,,,,,,CC-001,ACC-006,AFML-035,ACOM-067,CREQ-411,,,,,,
,,,,,,,,CC-001,ACC-006,AFML-035,ACOM-067,CREQ-412,,,,,,
,,,,,,,,CC-001,ACC-006,AFML-035,ACOM-067,CREQ-413,,,,,,
,,,,,,,,CC-001,ACC-006,AFML-035,ACOM-067,CREQ-414,,,,,,
,,,,,,,,CC-001,ACC-006,AFML-035,ACOM-067,CREQ-415,,,,,,
,,,,,,,,CC-001,ACC-006,AFML-035,ACOM-067,CREQ-416,,,,,,
,,,,,,,,CC-001,ACC-006,AFML-035,ACOM-067,CREQ-417,,,,,,
,,,,,,,,CC-001,ACC-006,AFML-035,ACOM-067,CREQ-418,,,,,,
,,,,,,,,CC-001,ACC-006,AFML-035,ACOM-067,CREQ-419,,,,,,
,,,,,,,,CC-001,ACC-006,AFML-035,ACOM-067,CREQ-420,,,,,,
,,,,,,,,CC-001,ACC-006,AFML-035,ACOM-067,,DREQ-132,,,,,
,,,,,,,,CC-001,ACC-006,AFML-035,ACOM-067,,DREQ-133,,,,,
,,,,,,,,CC-001,ACC-006,AFML-035,ACOM-067,,DREQ-134,,,,,
,,,,,,,,CC-001,ACC-006,AFML-035,ACOM-067,,,EREQ-093,,,,
,,,,,,,,CC-001,ACC-006,AFML-036,ACOM-068,CREQ-421,,,,,,
,,,,,,,,CC-001,ACC-006,AFML-036,ACOM-068,CREQ-422,,,,,,
,,,,,,,,CC-001,ACC-006,AFML-036,ACOM-068,,DREQ-135,,,,,
,,,,,,,,CC-001,ACC-006,AFML-036,ACOM-068,,DREQ-136,,,,,
,,,,,,,,CC-001,ACC-006,AFML-036,ACOM-068,,,EREQ-094,,,,
,,,,,,,,CC-001,ACC-006,AFML-036,ACOM-069,CREQ-423,,,,,,
,,,,,,,,CC-001,ACC-006,AFML-036,ACOM-069,CREQ-424,,,,,,
,,,,,,,,CC-001,ACC-006,AFML-036,ACOM-069,CREQ-425,,,,,,
,,,,,,,,CC-001,ACC-006,AFML-036,ACOM-069,,DREQ-137,,,,,
,,,,,,,,CC-001,ACC-006,AFML-036,ACOM-069,,DREQ-138,,,,,
,,,,,,,,CC-001,ACC-006,AFML-036,ACOM-069,,DREQ-139,,,,,
,,,,,,,,CC-001,ACC-006,AFML-036,ACOM-069,,DREQ-140,,,,,
,,,,,,,,CC-001,ACC-006,AFML-036,ACOM-069,,,EREQ-095,,,,
,,,,,,,,CC-001,ACC-006,AFML-036,ACOM-069,,,EREQ-096,,,,
,,,,,,,,CC-001,ACC-006,AFML-037,ACOM-070,CREQ-426,,,,,,
,,,,,,,,CC-001,ACC-006,AFML-037,ACOM-070,CREQ-427,,,,,,
,,,,,,,,CC-001,ACC-006,AFML-037,ACOM-070,CREQ-428,,,,,,
,,,,,,,,CC-001,ACC-006,AFML-037,ACOM-070,CREQ-429,,,,,,
,,,,,,,,CC-001,ACC-006,AFML-037,ACOM-070,,DREQ-141,,,,,
,,,,,,,,CC-001,ACC-006,AFML-037,ACOM-070,,DREQ-142,,,,,
,,,,,,,,CC-001,ACC-006,AFML-037,ACOM-070,,DREQ-143,,,,,
,,,,,,,,CC-001,ACC-006,AFML-037,ACOM-070,,DREQ-144,,,,,
,,,,,,,,CC-001,ACC-006,AFML-037,ACOM-070,,DREQ-145,,,,,
,,,,,,,,CC-001,ACC-006,AFML-037,ACOM-070,,DREQ-146,,,,,
,,,,,,,,CC-001,ACC-006,AFML-037,ACOM-070,,,EREQ-097,,,,
,,,,,,,,CC-001,ACC-006,AFML-037,ACOM-070,,,EREQ-098,,,,
,,,,,,,,CC-001,ACC-006,AFML-037,ACOM-070,,,EREQ-099,,,,
,,,,,,,,CC-001,ACC-006,AFML-037,ACOM-070,,,EREQ-100,,,,
,,,,,,,,CC-001,ACC-006,AFML-037,ACOM-070,,,EREQ-101,,,,
,,,,,,,,CC-001,ACC-006,AFML-037,ACOM-070,,,EREQ-102,,,,
,,,,,,,,CC-001,ACC-006,AFML-037,ACOM-071,CREQ-430,,,,,,
,,,,,,,,CC-001,ACC-006,AFML-037,ACOM-071,CREQ-431,,,,,,
,,,,,,,,CC-001,ACC-006,AFML-037,ACOM-071,CREQ-432,,,,,,
,,,,,,,,CC-001,ACC-006,AFML-037,ACOM-071,CREQ-433,,,,,,
,,,,,,,,CC-001,ACC-006,AFML-037,ACOM-071,CREQ-434,,,,,,
,,,,,,,,CC-001,ACC-006,AFML-037,ACOM-071,,DREQ-147,,,,,
,,,,,,,,CC-001,ACC-006,AFML-037,ACOM-071,,DREQ-148,,,,,
,,,,,,,,CC-001,ACC-006,AFML-037,ACOM-071,,DREQ-149,,,,,
,,,,,,,,CC-001,ACC-006,AFML-037,ACOM-071,,DREQ-150,,,,,
,,,,,,,,CC-001,ACC-006,AFML-037,ACOM-071,,DREQ-151,,,,,
,,,,,,,,CC-001,ACC-006,AFML-037,ACOM-071,,DREQ-152,,,,,
,,,,,,,,CC-001,ACC-006,AFML-037,ACOM-071,,DREQ-153,,,,,
,,,,,,,,CC-001,ACC-006,AFML-037,ACOM-071,,,EREQ-103,,,,
,,,,,,,,CC-001,ACC-006,AFML-037,ACOM-071,,,EREQ-104,,,,
,,,,,,,,CC-001,ACC-006,AFML-037,ACOM-071,,,EREQ-105,,,,
,,,,,,,,CC-001,ACC-006,AFML-037,ACOM-071,,,EREQ-106,,,,
,,,,,,,,CC-001,ACC-006,AFML-037,ACOM-071,,,EREQ-107,,,,
,,,,,,,,CC-001,ACC-006,AFML-037,ACOM-071,,,EREQ-108,,,,
,,,,,,,,CC-001,ACC-006,AFML-037,ACOM-071,,,EREQ-109,,,,
,,,,,,,,CC-001,ACC-006,AFML-037,ACOM-072,CREQ-435,,,,,,
,,,,,,,,CC-001,ACC-006,AFML-037,ACOM-072,CREQ-436,,,,,,
,,,,,,,,CC-001,ACC-006,AFML-037,ACOM-072,CREQ-437,,,,,,
,,,,,,,,CC-001,ACC-006,AFML-037,ACOM-072,CREQ-438,,,,,,
,,,,,,,,CC-001,ACC-006,AFML-037,ACOM-072,CREQ-439,,,,,,
,,,,,,,,CC-001,ACC-006,AFML-037,ACOM-072,CREQ-440,,,,,,
,,,,,,,,CC-001,ACC-006,AFML-037,ACOM-072,,DREQ-154,,,,,
,,,,,,,,CC-001,ACC-006,AFML-037,ACOM-072,,DREQ-155,,,,,
,,,,,,,,CC-001,ACC-006,AFML-037,ACOM-072,,DREQ-156,,,,,
,,,,,,,,CC-001,ACC-006,AFML-037,ACOM-072,,DREQ-157,,,,,
,,,,,,,,CC-001,ACC-006,AFML-037,ACOM-072,,DREQ-158,,,,,
,,,,,,,,CC-001,ACC-006,AFML-037,ACOM-072,,DREQ-159,,,,,
,,,,,,,,CC-001,ACC-006,AFML-037,ACOM-072,,DREQ-160,,,,,
,,,,,,,,CC-001,ACC-006,AFML-037,ACOM-072,,DREQ-161,,,,,
,,,,,,,,CC-001,ACC-006,AFML-037,ACOM-072,,DREQ-162,,,,,
,,,,,,,,CC-001,ACC-006,AFML-037,ACOM-072,,,EREQ-110,,,,
,,,,,,,,CC-001,ACC-006,AFML-037,ACOM-072,,,EREQ-111,,,,
,,,,,,,,CC-001,ACC-006,AFML-037,ACOM-072,,,EREQ-112,,,,
,,,,,,,,CC-001,ACC-006,AFML-037,ACOM-072,,,EREQ-113,,,,
,,,,,,,,CC-001,ACC-006,AFML-037,ACOM-072,,,EREQ-114,,,,
,,,,,,,,CC-001,ACC-006,AFML-037,ACOM-072,,,EREQ-115,,,,
,,,,,,,,CC-001,ACC-006,AFML-037,ACOM-072,,,EREQ-116,,,,
,,,,,,,,CC-001,ACC-006,AFML-037,ACOM-072,,,EREQ-117,,,,
,,,,,,,,CC-001,ACC-006,AFML-038,ACOM-073,CREQ-441,,,,,,
,,,,,,,,CC-001,ACC-006,AFML-038,ACOM-073,CREQ-442,,,,,,
,,,,,,,,CC-001,ACC-006,AFML-038,ACOM-073,CREQ-443,,,,,,
,,,,,,,,CC-001,ACC-006,AFML-038,ACOM-073,,DREQ-163,,,,,
,,,,,,,,CC-001,ACC-006,AFML-038,ACOM-073,,DREQ-164,,,,,
,,,,,,,,CC-001,ACC-006,AFML-038,ACOM-073,,,EREQ-118,,,,
,,,,,,,,CC-001,ACC-006,AFML-038,ACOM-074,CREQ-444,,,,,,
,,,,,,,,CC-001,ACC-006,AFML-038,ACOM-074,CREQ-445,,,,,,
,,,,,,,,CC-001,ACC-006,AFML-038,ACOM-074,CREQ-446,,,,,,
,,,,,,,,CC-001,ACC-006,AFML-038,ACOM-074,,DREQ-165,,,,,
,,,,,,,,CC-001,ACC-006,AFML-038,ACOM-074,,DREQ-166,,,,,
,,,,,,,,CC-001,ACC-006,AFML-038,ACOM-074,,DREQ-167,,,,,
,,,,,,,,CC-001,ACC-006,AFML-038,ACOM-074,,,EREQ-119,,,,
,,,,,,,,CC-001,ACC-006,AFML-038,ACOM-074,,,EREQ-120,,,,
,,,,,,,,CC-001,ACC-006,AFML-038,ACOM-075,CREQ-447,,,,,,
,,,,,,,,CC-001,ACC-006,AFML-038,ACOM-075,CREQ-448,,,,,,
,,,,,,,,CC-001,ACC-006,AFML-038,ACOM-075,CREQ-449,,,,,,
,,,,,,,,CC-001,ACC-006,AFML-038,ACOM-075,,DREQ-168,,,,,
,,,,,,,,CC-001,ACC-006,AFML-038,ACOM-075,,DREQ-169,,,,,
,,,,,,,,CC-001,ACC-006,AFML-038,ACOM-075,,DREQ-170,,,,,
,,,,,,,,CC-001,ACC-006,AFML-038,ACOM-075,,,EREQ-121,,,,
,,,,,,,,CC-001,ACC-006,AFML-038,ACOM-075,,,EREQ-122,,,,
,,,,,,,,CC-001,ACC-006,AFML-039,ACOM-076,CREQ-450,,,,,,
,,,,,,,,CC-001,ACC-006,AFML-039,ACOM-076,CREQ-451,,,,,,
,,,,,,,,CC-001,ACC-006,AFML-039,ACOM-076,,DREQ-171,,,,,
,,,,,,,,CC-001,ACC-006,AFML-039,ACOM-076,,,EREQ-123,,,,
,,,,,,,,CC-001,ACC-006,AFML-039,ACOM-076,,,EREQ-124,,,,
,,,,,,,,CC-001,ACC-007,AFML-041,ACOM-080,CREQ-457,,,,,,
,,,,,,,,CC-001,ACC-007,AFML-041,ACOM-080,CREQ-458,,,,,,
,,,,,,,,CC-001,ACC-007,AFML-041,ACOM-080,,DREQ-175,,,,,
,,,,,,,,CC-001,ACC-007,AFML-041,ACOM-080,,,EREQ-128,,,,
,,,,,,,,CC-001,ACC-007,AFML-041,ACOM-081,CREQ-388,,,,,,
,,,,,,,,CC-001,ACC-007,AFML-041,ACOM-081,CREQ-459,,,,,,
,,,,,,,,CC-001,ACC-007,AFML-041,ACOM-081,CREQ-460,,,,,,
,,,,,,,,CC-001,ACC-007,AFML-041,ACOM-081,CREQ-461,,,,,,
,,,,,,,,CC-001,ACC-007,AFML-041,ACOM-081,,DREQ-176,,,,,
,,,,,,,,CC-001,ACC-007,AFML-041,ACOM-081,,,EREQ-129,,,,
,,,,,,,,CC-001,ACC-007,AFML-041,ACOM-082,CREQ-462,,,,,,
,,,,,,,,CC-001,ACC-007,AFML-041,ACOM-082,CREQ-463,,,,,,
,,,,,,,,CC-001,ACC-007,AFML-041,ACOM-082,CREQ-464,,,,,,
,,,,,,,,CC-001,ACC-007,AFML-041,ACOM-082,,DREQ-177,,,,,
,,,,,,,,CC-001,ACC-007,AFML-041,ACOM-082,,,EREQ-130,,,,
,,,,,,,,CC-001,ACC-007,AFML-041,ACOM-083,CREQ-465,,,,,,
,,,,,,,,CC-001,ACC-007,AFML-041,ACOM-083,CREQ-466,,,,,,
,,,,,,,,CC-001,ACC-007,AFML-041,ACOM-083,CREQ-467,,,,,,
,,,,,,,,CC-001,ACC-007,AFML-041,ACOM-083,CREQ-468,,,,,,
,,,,,,,,CC-001,ACC-007,AFML-041,ACOM-083,,DREQ-178,,,,,
,,,,,,,,CC-001,ACC-007,AFML-041,ACOM-083,,,EREQ-131,,,,
,,,,,,,,CC-001,ACC-007,AFML-042,ACOM-084,CREQ-469,,,,,,
,,,,,,,,CC-001,ACC-007,AFML-042,ACOM-084,CREQ-470,,,,,,
,,,,,,,,CC-001,ACC-007,AFML-042,ACOM-084,CREQ-471,,,,,,
,,,,,,,,CC-001,ACC-007,AFML-042,ACOM-084,CREQ-472,,,,,,
,,,,,,,,CC-001,ACC-007,AFML-042,ACOM-084,,DREQ-179,,,,,
,,,,,,,,CC-001,ACC-007,AFML-042,ACOM-084,,DREQ-180,,,,,
,,,,,,,,CC-001,ACC-007,AFML-042,ACOM-084,,,EREQ-132,,,,
,,,,,,,,CC-001,ACC-007,AFML-042,ACOM-085,CREQ-473,,,,,,
,,,,,,,,CC-001,ACC-007,AFML-042,ACOM-085,CREQ-474,,,,,,
,,,,,,,,CC-001,ACC-007,AFML-042,ACOM-085,CREQ-475,,,,,,
,,,,,,,,CC-001,ACC-007,AFML-042,ACOM-085,CREQ-476,,,,,,
,,,,,,,,CC-001,ACC-007,AFML-042,ACOM-085,CREQ-477,,,,,,
,,,,,,,,CC-001,ACC-007,AFML-042,ACOM-085,,DREQ-181,,,,,
,,,,,,,,CC-001,ACC-007,AFML-042,ACOM-085,,DREQ-182,,,,,
,,,,,,,,CC-001,ACC-007,AFML-042,ACOM-085,,,EREQ-133,,,,
,,,,,,,,CC-001,ACC-007,AFML-043,ACOM-086,CREQ-478,,,,,,
,,,,,,,,CC-001,ACC-007,AFML-043,ACOM-086,,DREQ-183,,,,,
,,,,,,,,CC-001,ACC-007,AFML-043,ACOM-086,,,EREQ-134,,,,
,,,,,,,,CC-001,ACC-007,AFML-043,ACOM-086,,,EREQ-135,,,,
,,,,,,,,CC-001,ACC-007,AFML-043,ACOM-087,CREQ-479,,,,,,
,,,,,,,,CC-001,ACC-007,AFML-043,ACOM-087,CREQ-480,,,,,,
,,,,,,,,CC-001,ACC-007,AFML-043,ACOM-087,,DREQ-184,,,,,
,,,,,,,,CC-001,ACC-007,AFML-043,ACOM-087,,,EREQ-136,,,,
,,,,,,,,CC-001,ACC-007,AFML-043,ACOM-087,,,EREQ-137,,,,
,,,,,,,,CC-001,ACC-007,AFML-043,ACOM-087,,,EREQ-138,,,,
,,,,,,,,CC-001,ACC-007,AFML-043,ACOM-088,CREQ-481,,,,,,
,,,,,,,,CC-001,ACC-007,AFML-043,ACOM-088,CREQ-482,,,,,,
,,,,,,,,CC-001,ACC-007,AFML-043,ACOM-088,,DREQ-186,,,,,
,,,,,,,,CC-001,ACC-007,AFML-043,ACOM-088,,,EREQ-139,,,,
,,,,,,,,CC-001,ACC-007,AFML-043,ACOM-088,,,EREQ-140,,,,
,,,,,,,,CC-001,ACC-007,AFML-043,ACOM-088,,,EREQ-141,,,,
,,,,,,,,CC-001,ACC-007,AFML-044,ACOM-089,CREQ-483,,,,,,
,,,,,,,,CC-001,ACC-007,AFML-044,ACOM-089,CREQ-484,,,,,,
,,,,,,,,CC-001,ACC-007,AFML-044,ACOM-089,,DREQ-187,,,,,
,,,,,,,,CC-001,ACC-007,AFML-044,ACOM-089,,DREQ-188,,,,,
,,,,,,,,CC-001,ACC-007,AFML-044,ACOM-089,,,EREQ-142,,,,
,,,,,,,,CC-001,ACC-008,AFML-045,ACOM-090,CREQ-485,,,,,,
,,,,,,,,CC-001,ACC-008,AFML-045,ACOM-090,,DREQ-189,,,,,
,,,,,,,,CC-001,ACC-008,AFML-045,ACOM-090,,,EREQ-143,,,,
,,,,,,,,CC-001,ACC-008,AFML-045,ACOM-090,,,EREQ-144,,,,
,,,,,,,,CC-001,ACC-008,AFML-045,ACOM-090,,,EREQ-145,,,,
,,,,,,,,CC-001,ACC-008,AFML-045,ACOM-091,CREQ-486,,,,,,
,,,,,,,,CC-001,ACC-008,AFML-045,ACOM-091,CREQ-487,,,,,,
,,,,,,,,CC-001,ACC-008,AFML-045,ACOM-091,,DREQ-190,,,,,
,,,,,,,,CC-001,ACC-008,AFML-045,ACOM-091,,DREQ-191,,,,,
,,,,,,,,CC-001,ACC-008,AFML-045,ACOM-091,,,EREQ-146,,,,
,,,,,,,,CC-001,ACC-008,AFML-045,ACOM-091,,,EREQ-147,,,,
,,,,,,,,CC-001,ACC-008,AFML-045,ACOM-091,,,EREQ-148,,,,
,,,,,,,,CC-001,ACC-008,AFML-045,ACOM-091,,,EREQ-149,,,,
,,,,,,,,CC-001,ACC-008,AFML-045,ACOM-092,CREQ-488,,,,,,
,,,,,,,,CC-001,ACC-008,AFML-045,ACOM-092,CREQ-489,,,,,,
,,,,,,,,CC-001,ACC-008,AFML-045,ACOM-092,,DREQ-192,,,,,
,,,,,,,,CC-001,ACC-008,AFML-045,ACOM-092,,DREQ-193,,,,,
,,,,,,,,CC-001,ACC-008,AFML-045,ACOM-092,,,EREQ-150,,,,
,,,,,,,,CC-001,ACC-008,AFML-045,ACOM-092,,,EREQ-151,,,,
,,,,,,,,CC-001,ACC-008,AFML-045,ACOM-092,,,EREQ-152,,,,
,,,,,,,,CC-001,ACC-008,AFML-045,ACOM-092,,,EREQ-153,,,,
,,,,,,,,CC-001,ACC-008,AFML-045,ACOM-093,CREQ-490,,,,,,
,,,,,,,,CC-001,ACC-008,AFML-045,ACOM-093,CREQ-491,,,,,,
,,,,,,,,CC-001,ACC-008,AFML-045,ACOM-093,,DREQ-194,,,,,
,,,,,,,,CC-001,ACC-008,AFML-045,ACOM-093,,DREQ-195,,,,,
,,,,,,,,CC-001,ACC-008,AFML-045,ACOM-093,,,EREQ-154,,,,
,,,,,,,,CC-001,ACC-008,AFML-045,ACOM-093,,,EREQ-155,,,,
,,,,,,,,CC-001,ACC-008,AFML-045,ACOM-093,,,EREQ-156,,,,
,,,,,,,,CC-001,ACC-008,AFML-045,ACOM-093,,,EREQ-157,,,,
,,,,,,,,CC-001,ACC-008,AFML-045,ACOM-094,CREQ-492,,,,,,
,,,,,,,,CC-001,ACC-008,AFML-045,ACOM-094,CREQ-493,,,,,,
,,,,,,,,CC-001,ACC-008,AFML-045,ACOM-094,,DREQ-196,,,,,
,,,,,,,,CC-001,ACC-008,AFML-045,ACOM-094,,DREQ-197,,,,,
,,,,,,,,CC-001,ACC-008,AFML-045,ACOM-094,,,EREQ-158,,,,
,,,,,,,,CC-001,ACC-008,AFML-045,ACOM-094,,,EREQ-159,,,,
,,,,,,,,CC-001,ACC-008,AFML-045,ACOM-094,,,EREQ-160,,,,
,,,,,,,,CC-001,ACC-008,AFML-045,ACOM-094,,,EREQ-161,,,,
,,,,,,,,CC-001,ACC-008,AFML-046,ACOM-095,CREQ-494,,,,,,
,,,,,,,,CC-001,ACC-008,AFML-046,ACOM-095,,DREQ-198,,,,,
,,,,,,,,CC-001,ACC-008,AFML-046,ACOM-095,,,EREQ-162,,,,
,,,,,,,,CC-001,ACC-009,AFML-047,ACOM-096,CREQ-495,,,,,,
,,,,,,,,CC-001,ACC-009,AFML-047,ACOM-096,,DREQ-199,,,,,
,,,,,,,,CC-001,ACC-009,AFML-047,ACOM-096,,,EREQ-163,,,,
,,,,,,,,CC-001,ACC-009,AFML-048,ACOM-097,CREQ-496,,,,,,
,,,,,,,,CC-001,ACC-009,AFML-048,ACOM-097,CREQ-497,,,,,,
,,,,,,,,CC-001,ACC-009,AFML-048,ACOM-097,,DREQ-200,,,,,
,,,,,,,,CC-001,ACC-009,AFML-048,ACOM-097,,,EREQ-164,,,,
,,,,,,,,CC-001,ACC-009,AFML-048,ACOM-097,,,EREQ-165,,,,
,,,,,,,,CC-001,ACC-009,AFML-048,ACOM-098,CREQ-498,,,,,,
,,,,,,,,CC-001,ACC-009,AFML-048,ACOM-098,CREQ-499,,,,,,
,,,,,,,,CC-001,ACC-009,AFML-048,ACOM-098,CREQ-500,,,,,,
,,,,,,,,CC-001,ACC-009,AFML-048,ACOM-098,,DREQ-201,,,,,
,,,,,,,,CC-001,ACC-009,AFML-048,ACOM-098,,,EREQ-166,,,,
,,,,,,,,CC-001,ACC-009,AFML-048,ACOM-098,,,EREQ-167,,,,
,,,,,,,,CC-001,ACC-009,AFML-048,ACOM-099,CREQ-501,,,,,,
,,,,,,,,CC-001,ACC-009,AFML-048,ACOM-099,CREQ-502,,,,,,
,,,,,,,,CC-001,ACC-009,AFML-048,ACOM-099,CREQ-503,,,,,,
,,,,,,,,CC-001,ACC-009,AFML-048,ACOM-099,CREQ-504,,,,,,
,,,,,,,,CC-001,ACC-009,AFML-048,ACOM-099,CREQ-505,,,,,,
,,,,,,,,CC-001,ACC-009,AFML-048,ACOM-099,,DREQ-202,,,,,
,,,,,,,,CC-001,ACC-009,AFML-048,ACOM-099,,,EREQ-168,,,,
,,,,,,,,CC-001,ACC-009,AFML-048,ACOM-099,,,EREQ-169,,,,
,,,,,,,,CC-001,ACC-009,AFML-049,ACOM-100,CREQ-506,,,,,,
,,,,,,,,CC-001,ACC-009,AFML-049,ACOM-100,CREQ-507,,,,,,
,,,,,,,,CC-001,ACC-009,AFML-049,ACOM-100,CREQ-508,,,,,,
,,,,,,,,CC-001,ACC-009,AFML-049,ACOM-100,,DREQ-203,,,,,
,,,,,,,,CC-001,ACC-009,AFML-049,ACOM-100,,,EREQ-170,,,,
,,,,,,,,CC-001,ACC-009,AFML-049,ACOM-101,CREQ-509,,,,,,
,,,,,,,,CC-001,ACC-009,AFML-049,ACOM-101,CREQ-510,,,,,,
,,,,,,,,CC-001,ACC-009,AFML-049,ACOM-101,CREQ-511,,,,,,
,,,,,,,,CC-001,ACC-009,AFML-049,ACOM-101,CREQ-512,,,,,,
,,,,,,,,CC-001,ACC-009,AFML-049,ACOM-101,,DREQ-204,,,,,
,,,,,,,,CC-001,ACC-009,AFML-049,ACOM-101,,,EREQ-171,,,,
,,,,,,,,CC-001,ACC-009,AFML-050,ACOM-102,CREQ-513,,,,,,
,,,,,,,,CC-001,ACC-009,AFML-050,ACOM-102,CREQ-514,,,,,,
,,,,,,,,CC-001,ACC-009,AFML-050,ACOM-102,CREQ-515,,,,,,
,,,,,,,,CC-001,ACC-009,AFML-050,ACOM-102,CREQ-516,,,,,,
,,,,,,,,CC-001,ACC-009,AFML-050,ACOM-102,,DREQ-205,,,,,
,,,,,,,,CC-001,ACC-009,AFML-050,ACOM-102,,DREQ-206,,,,,
,,,,,,,,CC-001,ACC-009,AFML-050,ACOM-102,,DREQ-207,,,,,
,,,,,,,,CC-001,ACC-009,AFML-050,ACOM-102,,DREQ-208,,,,,
,,,,,,,,CC-001,ACC-009,AFML-050,ACOM-102,,,EREQ-172,,,,
,,,,,,,,CC-001,ACC-009,AFML-050,ACOM-102,,,EREQ-173,,,,
,,,,,,,,CC-001,ACC-009,AFML-050,ACOM-102,,,EREQ-174,,,,
,,,,,,,,CC-001,ACC-009,AFML-050,ACOM-103,CREQ-517,,,,,,
,,,,,,,,CC-001,ACC-009,AFML-050,ACOM-103,CREQ-518,,,,,,
,,,,,,,,CC-001,ACC-009,AFML-050,ACOM-103,CREQ-519,,,,,,
,,,,,,,,CC-001,ACC-009,AFML-050,ACOM-103,CREQ-520,,,,,,
,,,,,,,,CC-001,ACC-009,AFML-050,ACOM-103,,DREQ-209,,,,,
,,,,,,,,CC-001,ACC-009,AFML-050,ACOM-103,,DREQ-210,,,,,
,,,,,,,,CC-001,ACC-009,AFML-050,ACOM-103,,DREQ-211,,,,,
,,,,,,,,CC-001,ACC-009,AFML-050,ACOM-103,,DREQ-212,,,,,
,,,,,,,,CC-001,ACC-009,AFML-050,ACOM-103,,,EREQ-175,,,,
,,,,,,,,CC-001,ACC-009,AFML-050,ACOM-103,,,EREQ-176,,,,
,,,,,,,,CC-001,ACC-009,AFML-050,ACOM-103,,,EREQ-177,,,,
,,,,,,,,CC-001,ACC-009,AFML-051,ACOM-104,CREQ-521,,,,,,
,,,,,,,,CC-001,ACC-009,AFML-051,ACOM-104,,DREQ-213,,,,,
,,,,,,,,CC-001,ACC-009,AFML-051,ACOM-104,,,EREQ-178,,,,
,,,,,,,,CC-001,ACC-009,AFML-051,ACOM-104,,,EREQ-179,,,,
,,,,,,,,CC-001,ACC-009,AFML-051,ACOM-104,,,EREQ-180,,,,
,,,,,,,,CC-001,ACC-009,AFML-051,ACOM-104,,,EREQ-181,,,,
,,,,,,,,CC-001,ACC-009,AFML-051,ACOM-105,CREQ-522,,,,,,
,,,,,,,,CC-001,ACC-009,AFML-051,ACOM-105,,DREQ-214,,,,,
,,,,,,,,CC-001,ACC-009,AFML-051,ACOM-105,,,EREQ-182,,,,
,,,,,,,,CC-001,ACC-009,AFML-051,ACOM-105,,,EREQ-183,,,,
,,,,,,,,CC-001,ACC-009,AFML-051,ACOM-105,,,EREQ-184,,,,
,,,,,,,,CC-001,ACC-009,AFML-051,ACOM-105,,,EREQ-185,,,,
,,,,,,,,CC-001,ACC-009,AFML-051,ACOM-105,,,EREQ-186,,,,
,,,,,,,,CC-001,ACC-009,AFML-051,ACOM-106,CREQ-523,,,,,,
,,,,,,,,CC-001,ACC-009,AFML-051,ACOM-106,,DREQ-215,,,,,
,,,,,,,,CC-001,ACC-009,AFML-051,ACOM-106,,,EREQ-187,,,,
,,,,,,,,CC-001,ACC-009,AFML-051,ACOM-106,,,EREQ-188,,,,
,,,,,,,,CC-001,ACC-009,AFML-051,ACOM-106,,,EREQ-189,,,,
,,,,,,,,CC-001,ACC-009,AFML-051,ACOM-106,,,EREQ-190,,,,
,,,,,,,,CC-001,ACC-009,AFML-051,ACOM-106,,,EREQ-191,,,,
,,,,,,,,CC-001,,,,,,,CCC-001,FML-001,COM-001,REQ-001
,,,,,,,,CC-001,,,,,,,CCC-001,FML-002,COM-002,REQ-002
,,,,,,,,CC-001,,,,,,,CCC-001,FML-002,COM-002,REQ-003
,,,,,,,,CC-001,,,,,,,CCC-001,FML-002,COM-003,REQ-004
,,,,,,,,CC-001,,,,,,,CCC-001,FML-003,COM-004,REQ-005
,,,,,,,,CC-001,,,,,,,CCC-001,FML-003,COM-004,REQ-006
,,,,,,,,CC-001,,,,,,,CCC-001,FML-003,COM-005,REQ-007
,,,,,,,,CC-001,,,,,,,CCC-001,FML-003,COM-005,REQ-008
,,,,,,,,CC-001,,,,,,,CCC-001,FML-003,COM-005,REQ-009
,,,,,,,,CC-001,,,,,,,CCC-001,FML-003,COM-006,REQ-010
,,,,,,,,CC-001,,,,,,,CCC-001,FML-003,COM-006,REQ-011
,,,,,,,,CC-001,,,,,,,CCC-001,FML-003,COM-006,REQ-012
,,,,,,,,CC-001,,,,,,,CCC-001,FML-003,COM-007,REQ-013
,,,,,,,,CC-001,,,,,,,CCC-001,FML-003,COM-007,REQ-014
,,,,,,,,CC-001,,,,,,,CCC-001,FML-003,COM-007,REQ-015
,,,,,,,,CC-001,,,,,,,CCC-001,FML-004,COM-008,REQ-016
,,,,,,,,CC-001,,,,,,,CCC-001,FML-004,COM-008,REQ-017
,,,,,,,,CC-001,,,,,,,CCC-001,FML-004,COM-009,REQ-018
,,,,,,,,CC-001,,,,,,,CCC-001,FML-004,COM-010,REQ-019
,,,,,,,,CC-001,,,,,,,CCC-001,FML-005,COM-011,REQ-020
,,,,,,,,CC-001,,,,,,,CCC-001,FML-005,COM-013,REQ-022
,,,,,,,,CC-001,,,,,,,CCC-001,FML-005,COM-013,REQ-023
,,,,,,,,CC-001,,,,,,,CCC-001,FML-006,COM-012,REQ-021
,,,,,,,,CC-001,,,,,,,CCC-001,FML-006,COM-014,REQ-024
,,,,,,,,CC-001,,,,,,,CCC-001,FML-006,COM-014,REQ-025
,,,,,,,,CC-001,,,,,,,CCC-001,FML-006,COM-014,REQ-026
,,,,,,,,CC-001,,,,,,,CCC-001,FML-006,COM-015,REQ-027
,,,,,,,,CC-001,,,,,,,CCC-001,FML-006,COM-016,REQ-028
,,,,,,,,CC-001,,,,,,,CCC-002,FML-007,COM-017,REQ-029
,,,,,,,,CC-001,,,,,,,CCC-002,FML-007,COM-017,REQ-030
,,,,,,,,CC-001,,,,,,,CCC-002,FML-007,COM-017,REQ-031
,,,,,,,,CC-001,,,,,,,CCC-002,FML-007,COM-018,REQ-032
,,,,,,,,CC-001,,,,,,,CCC-002,FML-007,COM-018,REQ-033
,,,,,,,,CC-001,,,,,,,CCC-002,FML-007,COM-018,REQ-034
,,,,,,,,CC-001,,,,,,,CCC-002,FML-008,COM-019,REQ-035
,,,,,,,,CC-001,,,,,,,CCC-002,FML-008,COM-019,REQ-036
,,,,,,,,CC-001,,,,,,,CCC-002,FML-008,COM-019,REQ-037
,,,,,,,,CC-001,,,,,,,CCC-002,FML-008,COM-020,REQ-038
,,,,,,,,CC-001,,,,,,,CCC-002,FML-008,COM-020,REQ-039
,,,,,,,,CC-001,,,,,,,CCC-002,FML-008,COM-020,REQ-040
,,,,,,,,CC-001,,,,,,,CCC-003,FML-009,COM-021,REQ-041
,,,,,,,,CC-001,,,,,,,CCC-003,FML-009,COM-022,REQ-042
,,,,,,,,CC-001,,,,,,,CCC-003,FML-009,COM-023,REQ-043
,,,,,,,,CC-001,,,,,,,CCC-003,FML-009,COM-024,
,,,,,,,,CC-001,,,,,,,CCC-003,FML-009,COM-025,REQ-044
,,,,,,,,CC-001,,,,,,,CCC-003,FML-009,COM-026,REQ-045
,,,,,,,,CC-001,,,,,,,CCC-003,FML-009,COM-026,REQ-046
,,,,,,,,CC-001,,,,,,,CCC-003,FML-010,COM-027,REQ-047
,,,,,,,,CC-001,,,,,,,CCC-003,FML-011,COM-029,REQ-051
,,,,,,,,CC-001,,,,,,,CCC-003,FML-011,COM-030,REQ-052
,,,,,,,,CC-001,,,,,,,CCC-003,FML-011,COM-031,REQ-053
,,,,,,,,CC-001,,,,,,,CCC-003,FML-011,COM-032,REQ-054
,,,,,,,,CC-001,,,,,,,CCC-003,FML-011,COM-033,REQ-055
,,,,,,,,CC-001,,,,,,,CCC-003,FML-012,COM-034,REQ-056
,,,,,,,,CC-001,,,,,,,CCC-003,FML-012,COM-034,REQ-057
,,,,,,,,CC-001,,,,,,,CCC-004,FML-013,COM-035,REQ-058
,,,,,,,,CC-001,,,,,,,CCC-004,FML-013,COM-036,REQ-059
,,,,,,,,CC-001,,,,,,,CCC-004,FML-013,COM-036,REQ-060
,,,,,,,,CC-001,,,,,,,CCC-004,FML-014,COM-037,REQ-061
,,,,,,,,CC-001,,,,,,,CCC-004,FML-014,COM-037,REQ-062
,,,,,,,,CC-001,,,,,,,CCC-004,FML-014,COM-037,REQ-063
,,,,,,,,CC-001,,,,,,,CCC-004,FML-014,COM-037,REQ-064
,,,,,,,,CC-001,,,,,,,CCC-004,FML-015,COM-038,REQ-065
,,,,,,,,CC-001,,,,,,,CCC-004,FML-015,COM-038,REQ-066
,,,,,,,,CC-001,,,,,,,CCC-004,FML-015,COM-039,REQ-067
,,,,,,,,CC-001,,,,,,,CCC-004,FML-015,COM-039,REQ-068
,,,,,,,,CC-001,,,,,,,CCC-004,FML-016,COM-040,REQ-069
,,,,,,,,CC-001,,,,,,,CCC-004,FML-016,COM-040,REQ-070
,,,,,,,,CC-001,,,,,,,CCC-004,FML-016,COM-041,REQ-071
,,,,,,,,CC-001,,,,,,,CCC-004,FML-016,COM-041,REQ-072
,,,,,,,,CC-001,,,,,,,CCC-004,FML-016,COM-041,REQ-073
,,,,,,,,CC-001,,,,,,,CCC-004,FML-016,COM-041,REQ-074
,,,,,,,,CC-001,,,,,,,CCC-004,FML-016,COM-041,REQ-075
,,,,,,,,CC-001,,,,,,,CCC-004,FML-017,COM-042,REQ-076
,,,,,,,,CC-001,,,,,,,CCC-004,FML-017,COM-043,REQ-077
,,,,,,,,CC-001,,,,,,,CCC-004,FML-017,COM-043,REQ-078
,,,,,,,,CC-001,,,,,,,CCC-004,FML-018,COM-044,REQ-079
,,,,,,,,CC-001,,,,,,,CCC-004,FML-018,COM-044,REQ-080
,,,,,,,,CC-001,,,,,,,CCC-004,FML-018,COM-044,REQ-081
,,,,,,,,CC-001,,,,,,,CCC-004,FML-018,COM-044,REQ-082
,,,,,,,,CC-001,,,,,,,CCC-004,FML-018,COM-044,REQ-083
,,,,,,,,CC-001,,,,,,,CCC-004,FML-018,COM-045,REQ-084
,,,,,,,,CC-001,,,,,,,CCC-004,FML-018,COM-045,REQ-085
,,,,,,,,CC-001,,,,,,,CCC-004,FML-018,COM-045,REQ-086
,,,,,,,,CC-001,,,,,,,CCC-004,FML-018,COM-045,REQ-087
,,,,,,,,CC-001,,,,,,,CCC-004,FML-018,COM-045,REQ-088
,,,,,,,,CC-001,,,,,,,CCC-004,FML-018,COM-045,REQ-089
,,,,,,,,CC-001,,,,,,,CCC-004,FML-018,COM-046,REQ-090
,,,,,,,,CC-001,,,,,,,CCC-004,FML-018,COM-047,REQ-091
,,,,,,,,CC-001,,,,,,,CCC-004,FML-018,COM-047,REQ-092
,,,,,,,,CC-001,,,,,,,CCC-004,FML-018,COM-048,REQ-093
,,,,,,,,CC-001,,,,,,,CCC-004,FML-018,COM-049,REQ-094
,,,,,,,,CC-001,,,,,,,CCC-004,FML-019,COM-050,REQ-095
,,,,,,,,CC-001,,,,,,,CCC-004,FML-019,COM-050,REQ-096
,,,,,,,,CC-001,,,,,,,CCC-004,FML-020,COM-051,REQ-097
,,,,,,,,CC-001,,,,,,,CCC-004,FML-020,COM-051,REQ-098
,,,,,,,,CC-001,,,,,,,CCC-004,FML-020,COM-051,REQ-099
,,,,,,,,CC-001,,,,,,,CCC-004,FML-020,COM-052,REQ-100
,,,,,,,,CC-001,,,,,,,CCC-004,FML-020,COM-052,REQ-101
,,,,,,,,CC-001,,,,,,,CCC-004,FML-020,COM-052,REQ-102
,,,,,,,,CC-001,,,,,,,CCC-004,FML-020,COM-052,REQ-103
,,,,,,,,CC-001,,,,,,,CCC-004,FML-020,COM-052,REQ-104
,,,,,,,,CC-001,,,,,,,CCC-004,FML-021,COM-053,REQ-105
,,,,,,,,CC-001,,,,,,,CCC-004,FML-021,COM-054,REQ-106
,,,,,,,,CC-001,,,,,,,CCC-004,FML-021,COM-054,REQ-107
,,,,,,,,CC-001,,,,,,,CCC-004,FML-021,COM-055,REQ-108
,,,,,,,,CC-001,,,,,,,CCC-004,FML-021,COM-055,REQ-109
,,,,,,,,CC-001,,,,,,,CCC-004,FML-021,COM-056,REQ-110
,,,,,,,,CC-001,,,,,,,CCC-004,FML-021,COM-056,REQ-111
,,,,,,,,CC-001,,,,,,,CCC-004,FML-022,COM-057,REQ-112
,,,,,,,,CC-001,,,,,,,CCC-004,FML-022,COM-058,REQ-113
,,,,,,,,CC-001,,,,,,,CCC-004,FML-023,COM-059,REQ-114
,,,,,,,,CC-001,,,,,,,CCC-004,FML-023,COM-059,REQ-115
,,,,,,,,CC-001,,,,,,,CCC-004,FML-023,COM-060,REQ-116
,,,,,,,,CC-001,,,,,,,CCC-004,FML-023,COM-060,REQ-117
,,,,,,,,CC-001,,,,,,,CCC-004,FML-024,COM-061,REQ-118
,,,,,,,,CC-001,,,,,,,CCC-004,FML-024,COM-062,REQ-119
,,,,,,,,CC-001,,,,,,,CCC-004,FML-024,COM-062,REQ-120
,,,,,,,,CC-001,,,,,,,CCC-004,FML-025,COM-063,REQ-121
,,,,,,,,CC-001,,,,,,,CCC-004,FML-025,COM-064,REQ-122
,,,,,,,,CC-001,,,,,,,CCC-004,FML-025,COM-064,REQ-123
,,,,,,,,CC-001,,,,,,,CCC-004,FML-026,COM-065,REQ-124
,,,,,,,,CC-001,,,,,,,CCC-004,FML-027,COM-066,REQ-125
,,,,,,,,CC-001,,,,,,,CCC-004,FML-027,COM-066,REQ-126
,,,,,,,,CC-001,,,,,,,CCC-004,FML-027,COM-067,REQ-127
,,,,,,,,CC-001,,,,,,,CCC-004,FML-027,COM-068,REQ-128
,,,,,,,,CC-001,,,,,,,CCC-005,FML-028,COM-069,REQ-129
,,,,,,,,CC-001,,,,,,,CCC-005,FML-028,COM-069,REQ-130
,,,,,,,,CC-001,,,,,,,CCC-005,FML-029,COM-070,REQ-131
,,,,,,,,CC-001,,,,,,,CCC-005,FML-030,COM-071,REQ-132
,,,,,,,,CC-001,,,,,,,CCC-005,FML-031,COM-072,REQ-133
,,,,,,,,CC-001,,,,,,,CCC-005,FML-031,COM-073,REQ-134
,,,,,,,,CC-001,,,,,,,CCC-005,FML-031,COM-073,REQ-135
,,,,,,,,CC-001,,,,,,,CCC-005,FML-032,COM-074,REQ-136
,,,,,,,,CC-001,,,,,,,CCC-005,FML-032,COM-074,REQ-137
,,,,,,,,CC-001,,,,,,,CCC-005,FML-032,COM-075,REQ-138
,,,,,,,,CC-001,,,,,,,CCC-005,FML-032,COM-076,REQ-139
,,,,,,,,CC-001,,,,,,,CCC-005,FML-032,COM-076,REQ-140
,,,,,,,,CC-001,,,,,,,CCC-005,FML-032,COM-077,REQ-141
,,,,,,,,CC-001,,,,,,,CCC-005,FML-032,COM-078,REQ-142
,,,,,,,,CC-001,,,,,,,CCC-005,FML-032,COM-078,REQ-143
,,,,,,,,CC-001,,,,,,,CCC-005,FML-032,COM-079,REQ-144
,,,,,,,,CC-001,,,,,,,CCC-005,FML-032,COM-080,REQ-145
,,,,,,,,CC-001,,,,,,,CCC-005,FML-033,COM-081,REQ-146
,,,,,,,,CC-001,,,,,,,CCC-005,FML-033,COM-081,REQ-147
,,,,,,,,CC-001,,,,,,,CCC-005,FML-033,COM-082,REQ-148
,,,,,,,,CC-001,,,,,,,CCC-005,FML-034,COM-083,REQ-149
,,,,,,,,CC-001,,,,,,,CCC-005,FML-034,COM-083,REQ-150
,,,,,,,,CC-001,,,,,,,CCC-005,FML-034,COM-083,REQ-151
,,,,,,,,CC-001,,,,,,,CCC-006,FML-035,COM-084,REQ-152
,,,,,,,,CC-001,,,,,,,CCC-006,FML-035,COM-085,REQ-153
,,,,,,,,CC-001,,,,,,,CCC-006,FML-036,COM-086,REQ-154
,,,,,,,,CC-001,,,,,,,CCC-006,FML-037,COM-087,REQ-155
,,,,,,,,CC-001,,,,,,,CCC-006,FML-037,COM-088,REQ-156
,,,,,,,,CC-001,,,,,,,CCC-006,FML-037,COM-089,REQ-157
,,,,,,,,CC-001,,,,,,,CCC-006,FML-037,COM-089,REQ-158
,,,,,,,,CC-001,,,,,,,CCC-006,FML-037,COM-090,REQ-159
,,,,,,,,CC-001,,,,,,,CCC-006,FML-038,COM-091,REQ-160
,,,,,,,,CC-001,,,,,,,CCC-006,FML-038,COM-092,REQ-161
,,,,,,,,CC-001,,,,,,,CCC-006,FML-038,COM-092,REQ-162
,,,,,,,,CC-001,,,,,,,CCC-006,FML-038,COM-093,REQ-163
,,,,,,,,CC-001,,,,,,,CCC-006,FML-039,COM-094,REQ-173
,,,,,,,,CC-001,,,,,,,CCC-006,FML-039,COM-094,REQ-174
,,,,,,,,CC-001,,,,,,,CCC-006,FML-040,COM-095,REQ-164
,,,,,,,,CC-001,,,,,,,CCC-006,FML-040,COM-095,REQ-165
,,,,,,,,CC-001,,,,,,,CCC-006,FML-041,COM-096,REQ-166
,,,,,,,,CC-001,,,,,,,CCC-006,FML-042,COM-097,REQ-167
,,,,,,,,CC-001,,,,,,,CCC-006,FML-042,COM-097,REQ-168
,,,,,,,,CC-001,,,,,,,CCC-006,FML-042,COM-098,REQ-169
,,,,,,,,CC-001,,,,,,,CCC-006,FML-042,COM-098,REQ-170
,,,,,,,,CC-001,,,,,,,CCC-006,FML-042,COM-098,REQ-171
,,,,,,,,CC-001,,,,,,,CCC-006,FML-042,COM-099,REQ-172
,,,,,,,,CC-001,,,,,,,CCC-007,FML-043,COM-100,REQ-175
,,,,,,,,CC-001,,,,,,,CCC-007,FML-043,COM-101,REQ-176
,,,,,,,,CC-001,,,,,,,CCC-007,FML-043,COM-101,REQ-177
,,,,,,,,CC-001,,,,,,,CCC-007,FML-044,COM-102,REQ-178
,,,,,,,,CC-001,,,,,,,CCC-007,FML-044,COM-102,REQ-179
,,,,,,,,CC-001,,,,,,,CCC-007,FML-044,COM-102,REQ-180
,,,,,,,,CC-001,,,,,,,CCC-007,FML-044,COM-103,REQ-181
,,,,,,,,CC-001,,,,,,,CCC-007,FML-044,COM-103,REQ-182
,,,,,,,,CC-001,,,,,,,CCC-007,FML-044,COM-103,REQ-183
,,,,,,,,CC-001,,,,,,,CCC-007,FML-044,COM-103,REQ-184
,,,,,,,,CC-001,,,,,,,CCC-007,FML-044,COM-104,REQ-185
,,,,,,,,CC-001,,,,,,,CCC-007,FML-044,COM-104,REQ-186
,,,,,,,,CC-001,,,,,,,CCC-007,FML-044,COM-104,REQ-187
,,,,,,,,CC-001,,,,,,,CCC-007,FML-044,COM-104,REQ-188
,,,,,,,,CC-001,,,,,,,CCC-007,FML-045,COM-105,REQ-189
,,,,,,,,CC-001,,,,,,,CCC-007,FML-046,COM-106,REQ-190
,,,,,,,,CC-001,,,,,,,CCC-007,FML-046,COM-107,REQ-191
,,,,,,,,CC-001,,,,,,,CCC-007,FML-046,COM-107,REQ-192
,,,,,,,,CC-001,,,,,,,CCC-007,FML-046,COM-108,REQ-193
,,,,,,,,CC-001,,,,,,,CCC-007,FML-046,COM-109,REQ-194
,,,,,,,,CC-001,,,,,,,CCC-008,FML-047,COM-110,REQ-195
,,,,,,,,CC-001,,,,,,,CCC-008,FML-048,COM-111,REQ-196
,,,,,,,,CC-001,,,,,,,CCC-008,FML-049,COM-112,REQ-197
,,,,,,,,CC-001,,,,,,,CCC-008,FML-049,COM-112,REQ-198
,,,,,,,,CC-001,,,,,,,CCC-008,FML-049,COM-112,REQ-199
,,,,,,,,CC-001,,,,,,,CCC-008,FML-049,COM-112,REQ-200
,,,,,,,,CC-001,,,,,,,CCC-008,FML-050,COM-113,REQ-201
,,,,,,,,CC-001,,,,,,,CCC-008,FML-051,COM-114,REQ-202
,,,,,,,,CC-001,,,,,,,CCC-008,FML-052,COM-115,REQ-203
,,,,,,,,CC-001,,,,,,,CCC-008,FML-052,COM-115,REQ-204
,,,,,,,,CC-001,,,,,,,CCC-008,FML-052,COM-116,REQ-205
,,,,,,,,CC-001,,,,,,,CCC-008,FML-052,COM-116,REQ-206
,,,,,,,,CC-001,,,,,,,CCC-008,FML-052,COM-116,REQ-207
,,,,,,,,CC-001,,,,,,,CCC-008,FML-053,COM-117,REQ-208
,,,,,,,,CC-001,,,,,,,CCC-008,FML-053,COM-118,REQ-209
,,,,,,,,CC-001,,,,,,,CCC-008,FML-053,COM-118,REQ-210
,,,,,,,,CC-001,,,,,,,CCC-008,FML-053,COM-119,REQ-211
,,,,,,,,CC-001,,,,,,,CCC-008,FML-053,COM-119,REQ-212
,,,,,,,,CC-001,,,,,,,CCC-008,FML-054,COM-120,REQ-213
,,,,,,,,CC-001,,,,,,,CCC-008,FML-054,COM-120,REQ-214
,,,,,,,,CC-001,,,,,,,CCC-008,FML-054,COM-121,REQ-215
,,,,,,,,CC-001,,,,,,,CCC-008,FML-054,COM-121,REQ-216
,,,,,,,,CC-001,,,,,,,CCC-008,FML-054,COM-121,REQ-217
,,,,,,,,CC-001,,,,,,,CCC-008,FML-054,COM-122,REQ-218
,,,,,,,,CC-001,,,,,,,CCC-008,FML-055,COM-123,REQ-219
,,,,,,,,CC-001,,,,,,,CCC-008,FML-055,COM-124,REQ-220
,,,,,,,,CC-001,,,,,,,CCC-008,FML-055,COM-124,REQ-221
,,,,,,,,CC-001,,,,,,,CCC-008,FML-055,COM-125,REQ-222
,,,,,,,,CC-001,,,,,,,CCC-008,FML-055,COM-125,REQ-223
,,,,,,,,CC-001,,,,,,,CCC-008,FML-055,COM-125,REQ-224
,,,,,,,,CC-001,,,,,,,CCC-008,FML-055,COM-125,REQ-225
,,,,,,,,CC-001,,,,,,,CCC-008,FML-055,COM-126,REQ-226
,,,,,,,,CC-001,,,,,,,CCC-008,FML-056,COM-127,REQ-227
,,,,,,,,CC-001,,,,,,,CCC-008,FML-056,COM-127,REQ-228
,,,,,,,,CC-001,,,,,,,CCC-008,FML-057,COM-128,REQ-229
,,,,,,,,CC-001,,,,,,,CCC-008,FML-057,COM-129,REQ-230
,,,,,,,,CC-001,,,,,,,CCC-008,FML-057,COM-129,REQ-231
,,,,,,,,CC-001,,,,,,,CCC-008,FML-058,COM-130,REQ-232
,,,,,,,,CC-001,,,,,,,CCC-008,FML-058,COM-131,REQ-233
,,,,,,,,CC-001,,,,,,,CCC-008,FML-059,COM-132,REQ-234
,,,,,,,,CC-001,,,,,,,CCC-008,FML-059,COM-132,REQ-235
,,,,,,,,CC-001,,,,,,,CCC-008,FML-060,COM-133,REQ-236
,,,,,,,,CC-001,,,,,,,CCC-008,FML-060,COM-133,REQ-237
,,,,,,,,CC-001,,,,,,,CCC-008,FML-061,COM-134,REQ-238
,,,,,,,,CC-001,,,,,,,CCC-008,FML-061,COM-134,REQ-239
,,,,,,,,CC-001,,,,,,,CCC-008,FML-062,COM-135,REQ-240
,,,,,,,,CC-001,,,,,,,CCC-008,FML-062,COM-135,REQ-241
,,,,,,,,CC-001,,,,,,,CCC-008,FML-062,COM-135,REQ-242
,,,,,,,,CC-001,,,,,,,CCC-009,FML-063,COM-136,REQ-243
,,,,,,,,CC-001,,,,,,,CCC-009,FML-063,COM-137,REQ-244
,,,,,,,,CC-001,,,,,,,CCC-009,FML-064,COM-138,REQ-245
,,,,,,,,CC-001,,,,,,,CCC-009,FML-064,COM-138,REQ-246
,,,,,,,,CC-001,,,,,,,CCC-009,FML-064,COM-139,REQ-247
,,,,,,,,CC-001,,,,,,,CCC-009,FML-064,COM-139,REQ-248
,,,,,,,,CC-001,,,,,,,CCC-009,FML-065,COM-140,REQ-249
,,,,,,,,CC-001,,,,,,,CCC-009,FML-065,COM-141,REQ-250
,,,,,,,,CC-001,,,,,,,CCC-009,FML-065,COM-141,REQ-251
,,,,,,,,CC-001,,,,,,,CCC-010,FML-066,COM-142,REQ-252
,,,,,,,,CC-001,,,,,,,CCC-010,FML-067,COM-143,REQ-253
,,,,,,,,CC-001,,,,,,,CCC-010,FML-067,COM-143,REQ-254
,,,,,,,,CC-001,,,,,,,CCC-010,FML-067,COM-144,REQ-255
,,,,,,,,CC-001,,,,,,,CCC-010,FML-067,COM-144,REQ-256
,,,,,,,,CC-001,,,,,,,CCC-010,FML-068,COM-145,REQ-257
,,,,,,,,CC-001,,,,,,,CCC-010,FML-068,COM-145,REQ-258
,,,,,,,,CC-001,,,,,,,CCC-010,FML-068,COM-146,REQ-259
,,,,,,,,CC-001,,,,,,,CCC-010,FML-068,COM-146,REQ-260
,,,,,,,,CC-001,,,,,,,CCC-010,FML-068,COM-147,REQ-261
,,,,,,,,CC-001,,,,,,,CCC-010,FML-068,COM-148,REQ-262
,,,,,,,,CC-001,,,,,,,CCC-010,FML-069,COM-149,REQ-263
,,,,,,,,CC-001,,,,,,,CCC-010,FML-070,COM-150,REQ-264
,,,,,,,,CC-001,,,,,,,CCC-010,FML-070,COM-150,REQ-265
,,,,,,,,CC-001,,,,,,,CCC-010,FML-071,COM-151,REQ-266
,,,,,,,,CC-001,,,,,,,CCC-011,FML-072,COM-152,REQ-267
,,,,,,,,CC-001,,,,,,,CCC-011,FML-072,COM-152,REQ-268
,,,,,,,,CC-001,,,,,,,CCC-011,FML-072,COM-152,REQ-269
,,,,,,,,CC-001,,,,,,,CCC-011,FML-073,COM-153,REQ-270
,,,,,,,,CC-001,,,,,,,CCC-011,FML-073,COM-153,REQ-271
,,,,,,,,CC-001,,,,,,,CCC-011,FML-073,COM-153,REQ-272
,,,,,,,,CC-001,,,,,,,CCC-011,FML-073,COM-153,REQ-273
,,,,,,,,CC-001,,,,,,,CCC-011,FML-073,COM-153,REQ-274
,,,,,,,,CC-001,,,,,,,CCC-011,FML-073,COM-153,REQ-275
,,,,,,,,CC-001,,,,,,,CCC-011,FML-073,COM-154,REQ-276
,,,,,,,,CC-001,,,,,,,CCC-011,FML-073,COM-154,REQ-277
,,,,,,,,CC-001,,,,,,,CCC-011,FML-073,COM-154,REQ-278
,,,,,,,,CC-001,,,,,,,CCC-011,FML-073,COM-155,REQ-279
,,,,,,,,CC-001,,,,,,,CCC-011,FML-073,COM-155,REQ-280
,,,,,,,,CC-001,,,,,,,CCC-011,FML-074,COM-156,REQ-281
,,,,,,,,CC-001,,,,,,,CCC-011,FML-074,COM-156,REQ-282
,,,,,,,,CC-001,,,,,,,CCC-011,FML-074,COM-156,REQ-283
,,,,,,,,,,AFML-025,ACOM-039,CREQ-265,,,,,,
,,,,,,,,,,AFML-025,ACOM-039,CREQ-266,,,,,,
,,,,,,,,,,AFML-025,ACOM-039,,DREQ-077,,,,,
,,,,,,,,,,AFML-025,ACOM-039,,DREQ-078,,,,,
,,,,,,,,,,AFML-025,ACOM-039,,,EREQ-052,,,,
,,,,,,,,,,AFML-025,ACOM-039,,,EREQ-053,,,,
,,,,,,,,,,AFML-025,ACOM-040,CREQ-267,,,,,,
,,,,,,,,,,AFML-025,ACOM-040,CREQ-268,,,,,,
,,,,,,,,,,AFML-025,ACOM-040,,DREQ-079,,,,,
,,,,,,,,,,AFML-025,ACOM-040,,DREQ-080,,,,,
,,,,,,,,,,AFML-025,ACOM-040,,,EREQ-054,,,,
,,,,,,,,,,AFML-025,ACOM-040,,,EREQ-055,,,,
,,,,,,,,,,AFML-025,ACOM-041,CREQ-269,,,,,,
,,,,,,,,,,AFML-025,ACOM-041,CREQ-270,,,,,,
,,,,,,,,,,AFML-025,ACOM-041,,DREQ-081,,,,,
,,,,,,,,,,AFML-025,ACOM-041,,DREQ-082,,,,,
,,,,,,,,,,AFML-025,ACOM-041,,,EREQ-056,,,,
,,,,,,,,,,AFML-025,ACOM-041,,,EREQ-057,,,,
,,,,,,,,,,AFML-029,ACOM-050,CREQ-333,,,,,,
,,,,,,,,,,AFML-029,ACOM-050,CREQ-334,,,,,,
,,,,,,,,,,AFML-029,ACOM-050,CREQ-335,,,,,,
,,,,,,,,,,AFML-029,ACOM-050,CREQ-336,,,,,,
,,,,,,,,,,AFML-029,ACOM-050,CREQ-337,,,,,,
,,,,,,,,,,AFML-029,ACOM-050,CREQ-338,,,,,,
,,,,,,,,,,AFML-029,ACOM-050,CREQ-339,,,,,,
,,,,,,,,,,AFML-029,ACOM-050,,DREQ-104,,,,,
,,,,,,,,,,AFML-029,ACOM-050,,,EREQ-072,,,,
,,,,,,,,,,AFML-032,ACOM-057,CREQ-380,,,,,,
,,,,,,,,,,AFML-032,ACOM-057,CREQ-381,,,,,,
,,,,,,,,,,AFML-032,ACOM-057,,DREQ-119,,,,,
,,,,,,,,,,AFML-032,ACOM-057,,,EREQ-081,,,,
,,,,,,,,,,AFML-032,ACOM-058,CREQ-382,,,,,,
,,,,,,,,,,AFML-032,ACOM-058,CREQ-383,,,,,,
,,,,,,,,,,AFML-032,ACOM-058,CREQ-384,,,,,,
,,,,,,,,,,AFML-032,ACOM-058,,DREQ-120,,,,,
,,,,,,,,,,AFML-032,ACOM-058,,,EREQ-082,,,,
,,,,,,,,,,AFML-032,ACOM-059,CREQ-385,,,,,,
,,,,,,,,,,AFML-032,ACOM-059,CREQ-386,,,,,,
,,,,,,,,,,AFML-032,ACOM-059,CREQ-387,,,,,,
,,,,,,,,,,AFML-032,ACOM-059,,DREQ-121,,,,,
,,,,,,,,,,AFML-032,ACOM-059,,,EREQ-083,,,,
,,,,,,,,,,AFML-032,ACOM-060,CREQ-389,,,,,,
,,,,,,,,,,AFML-032,ACOM-060,CREQ-390,,,,,,
,,,,,,,,,,AFML-032,ACOM-060,,DREQ-122,,,,,
,,,,,,,,,,AFML-032,ACOM-060,,,EREQ-084,,,,
,,,,,,,,,,AFML-032,ACOM-061,CREQ-391,,,,,,
,,,,,,,,,,AFML-032,ACOM-061,CREQ-392,,,,,,
,,,,,,,,,,AFML-032,ACOM-061,CREQ-393,,,,,,
,,,,,,,,,,AFML-032,ACOM-061,,DREQ-123,,,,,
,,,,,,,,,,AFML-032,ACOM-061,,,EREQ-085,,,,
,,,,,,,,,,AFML-040,ACOM-077,CREQ-452,,,,,,
,,,,,,,,,,AFML-040,ACOM-077,,DREQ-172,,,,,
,,,,,,,,,,AFML-040,ACOM-077,,,EREQ-125,,,,
,,,,,,,,,,AFML-040,ACOM-078,CREQ-453,,,,,,
,,,,,,,,,,AFML-040,ACOM-078,CREQ-454,,,,,,
,,,,,,,,,,AFML-040,ACOM-078,,DREQ-173,,,,,
,,,,,,,,,,AFML-040,ACOM-078,,,EREQ-126,,,,
,,,,,,,,,,AFML-040,ACOM-079,CREQ-455,,,,,,
,,,,,,,,,,AFML-040,ACOM-079,CREQ-456,,,,,,
,,,,,,,,,,AFML-040,ACOM-079,,DREQ-174,,,,,
,,,,,,,,,,AFML-040,ACOM-079,,,EREQ-127,,,,
